,Player,Value,player_id
0,Max Aarons,0,1
1,Yunis Abdelhamid,800000,2
2,Salis Abdul Samed,1300000000,3
3,Laurent Abergel,300000000,4
4,Charles Abi,0,5
5,Dickson Abiama,0,6
6,Matthis Abline,400000000,7
7,Tammy Abraham,4500000000,8
8,Luis Abram,0,9
9,Francesco Acerbi,400000000,10
10,Ragnar Ache,0,11
11,Mohamed Achi,0,12
12,Marcos AcuÃ±a,0,13
13,Che Adams,0,14
14,Tyler Adams,2000000000,15
15,Sargis Adamyan,200000000,16
16,Martin Adeline,0,17
17,Amine Adli,1500000000,18
18,Yacine Adli,900000000,19
19,Michel Aebischer,350000000,20
20,Felix Afena-Gyan,550000000,21
21,Martin Agirregabiria,0,22
22,Julen Agirrezabala,500000000,23
23,Lucien Agoume,0,24
24,Kevin Agudelo,350000000,25
25,Nayef Aguerd,3200000000,26
26,Sergio AgÃ¼ero,0,27
27,Ruben Aguilar,1000000000,28
28,Ãlvaro Aguirre,0,29
29,Naouirou Ahamada,1000000000,30
30,Anel Ahmedhodzic,0,31
31,Jean-Eudes Aholou,300000000,32
32,Joseph Aidoo,800000000,33
33,Ola Aina,350000000,34
34,Rayan AÃ¯t Nouri,0,35
35,Kristoffer Ajer,1600000000,36
36,Ludovic Ajorque,900000000,37
37,Manuel Akanji,3000000000,38
38,Carlos Akapo,0,39
39,Marley AkÃ©,0,40
40,Nathan AkÃ©,0,41
41,Ilias Akhomach,0,42
42,Maghnes Akliouche,600000000,43
43,Paul Akouokou,400000000,44
44,Jean-Daniel Akpa-Akpro,0,45
45,Kevin Akpoguma,400000000,46
46,David Alaba,5000000000,47
47,Sofiane Alakouch,0,48
48,TomÃ¡s AlarcÃ³n,0,49
49,Lucas Alario,400000000,50
50,Jordi Alba,500000000,51
51,JosuÃ© Albert,0,52
52,Luis Alberto,1800000000,53
53,RaÃºl Albiol,0,54
54,Marc Albrighton,0,55
55,Paco AlcÃ¡cer,0,56
56,Thiago AlcÃ¡ntara,0,57
57,RubÃ©n Alcaraz,0,58
58,Omar Alderete,400000000,59
59,IvÃ¡n Alejo,0,60
60,DoÃ°an Alemdar,0,61
61,Carles AleÃ±Ã¡,0,62
62,Trent Alexander-Arnold,6500000000,63
63,Mircea Alexandru Tirlea,0,64
64,Mohamed Ali Cho,0,65
65,Alisson,4500000000,66
66,Allan,0,67
67,Jim Allevinah,200000000,68
68,Dele Alli,1100000000,69
70,Miguel AlmirÃ³n,0,71
71,Marcos Alonso,700000000,72
72,Giorgio Altare,0,73
73,Hugo Ãlvarez,0,74
74,Yeray Ãlvarez,0,75
75,Dani Alves,0,76
76,Steven Alzate,450000000,77
77,Ibrahim Amadou,0,78
78,Emmanuel Amankwaa Akurugu,0,79
79,Daniel Amartey,1500000000,80
80,Amath,0,81
81,Jordan Amavi,300000000,82
83,Wisdom Amey,700000,84
84,Kelvin Amian,350000000,85
85,Nadiem Amiri,600000000,86
87,Ethan Ampadu,900000000,88
88,Sofyan Amrabat,2500000000,89
89,Joachim Andersen,3200000000,90
90,Felipe Anderson,1500000000,91
91,Sebastian Andersson,100000000,92
92,Florin Andone,0,93
93,AndrÃ©s Andrade CedeÃ±o,0,94
94,Fredrik AndrÃ© BjÃ¸rkan,0,95
95,Benjamin AndrÃ©,0,96
96,Robert Andrich,1100000000,97
97,JosÃ© Ãngel,0,98
98,AngeliÃ±o,0,99
99,Ebenezer Annan,0,100
100,Cristian Ansaldi,0,101
101,Janis Antiste,0,102
102,Waldemar Anton,450000000,103
103,Josep Antoni GayÃ¡,0,104
104,Michail Antonio,900000000,105
105,Christopher Antwi-Adjei,180000000,106
106,Houssem Aouar,1500000000,107
107,Adil Aouchiche,300000000,108
108,Dennis Appiah,0,109
109,Mauro Arambarri,1300000000,110
110,Mattia Aramu,0,111
111,Charles ArÃ¡nguiz,0,112
112,NÃ©stor Araujo,0,113
113,Ronald AraÃºjo,0,114
114,Cameron Archer,0,115
115,Alphonse Areola,800000000,116
116,JesÃºs Areso,0,117
117,Matias Arezo,0,118
118,Santiago Arias,0,119
119,Adam Armstrong,1200000000,120
120,Stuart Armstrong,600000000,121
121,Marko Arnautovi?,0,122
122,Maximilian Arnold,1700000000,123
123,Kepa Arrizabalaga,1500000000,124
124,Tolgay Arslan,200000000,125
125,Arthur,0,126
126,Santiago Arzamendia,150000000,127
127,Takuma Asano,400000000,128
128,Santiago AscacÃ­bar,0,129
129,Sergio Asenjo,150000000,130
130,Alejandro Asensio,0,131
131,Marco Asensio,2500000000,132
132,Harrison Ashby,100000000,133
133,Kristoffer Askildsen,200000000,134
134,Fisnik Asllani,800000,135
135,Kristjan Asllani,1200000000,136
136,Iago Aspas,700000000,137
137,Lorenz Assignon,400000000,138
138,Simon Asta,0,139
139,Youcef Atal,1000000000,140
140,Pierre-Emerick Aubameyang,700000000,141
142,Emil Audero,600000000,143
143,Tommaso Augello,250000000,144
144,Jean-KÃ©vin Augustin,0,145
145,Ludwig Augustinsson,300000000,146
146,Serge Aurier,600000000,147
147,Ezequiel Ãvila,0,148
148,Taiwo Awoniyi,2000000000,149
149,Ramzi Aya,0,150
150,Jordan Ayew,600000000,151
151,Kaan Ayhan,400000000,152
152,Luke Ayling,200000000,153
153,Karim Azamoum,0,154
154,Sardar Azmoun,1200000000,155
155,CÃ©sar Azpilicueta,0,156
156,Iddrisu Baba,300000000,157
157,Carlos Bacca,0,158
158,Daniel Bachmann,0,159
159,LoÃ¯c Bade,0,160
160,Milan Badelj,0,161
161,Ãdgar BadÃ­a,0,162
162,BenoÃ®t Badiashile,0,163
163,Youssouph Badji,150000000,164
164,Miguel Baeza,100000000,165
165,Nicola Bagnolini,200000,166
166,Issa Bah,0,167
167,StÃ©phane Bahoken,0,168
168,Leon Bailey,2500000000,169
169,Eric Bailly,800000000,170
170,DÃ©nys Bain,0,171
171,Stefan Bajic,0,172
172,Nedim Bajrami,800000000,173
173,CÃ©dric Bakambu,0,174
174,Abdoulaye Bakayoko,0,175
175,TiemouÃ© Bakayoko,0,176
176,Mitchel Bakker,900000000,177
177,Ridle Baku,1300000000,178
178,Dilane Bakwa,0,179
179,Tommaso Baldanzi,1000000000,180
180,Alejandro Balde,3000000000,181
181,Ibrahima BaldÃ©,0,182
182,Keita BaldÃ©,0,183
183,Gareth Bale,0,184
184,Mikel Balenziaga,500000,185
185,Leonardo Balerdi,1000000000,186
186,IvÃ¡n Balliu,0,187
187,FodÃ© Ballo-TourÃ©,0,188
188,Folarin Balogun,2500000000,189
189,Abdoulaye Bamba,400000,190
190,Jonathan Bamba,2000000000,191
191,Patrick Bamford,1000000000,192
192,Filippo Bandinelli,350000000,193
193,Mattia Bani,0,194
194,Simon Banza,700000000,195
195,Shandon Baptiste,300000000,196
196,AntonÃ­n BarÃ¡k,0,197
197,Barbero,0,198
198,Danilo Barbosa,0,199
199,Barcia,0,200
200,Bradley Barcola,700000000,201
201,Melvin Bard,800000000,202
202,Enis Bardhi,500000000,203
203,Francesco Bardi,500000,204
204,Keidi Bare,350000000,205
205,NicolÃ² Barella,0,206
206,Kike Barja,300000000,207
207,Ross Barkley,900000000,208
208,Aymen Barkok,150000000,209
209,Ashley Barnes,0,210
210,Harvey Barnes,3200000000,211
211,Antonio BarragÃ¡n,0,212
212,Leandro Barreiro Martins,0,213
213,Ander Barrenetxea,600000000,214
214,Jacob Barrett Laursen,150000000,215
215,Musa Barrow,1200000000,216
216,Abdourahmane Barry,0,217
217,Marc Bartra,450000000,218
218,Daniele Baselli,0,219
220,Toma BaÂi?,0,221
222,Amine Bassi,0,223
223,Ãlvaro Bastida,0,224
224,Alessandro Bastoni,5500000000,225
225,Simone Bastoni,750000000,226
226,Lewis Bate,0,227
227,Rodrigo Battaglia,0,228
228,Maximilian Bauer,350000000,229
229,Oliver Baumann,450000000,230
230,Timo Baumgartl,350000000,231
231,Julian Baumgartlinger,600000,232
232,Christoph Baumgartner,2000000000,233
233,Jon Bautista,0,234
234,Mohamed Bayo,800000000,235
235,Paul Baysse,0,236
236,Noah Joel Sarenren Bazee,800000,237
237,BebÃ©,0,238
238,Ihlas Bebou,700000000,239
239,Rodrigo BecÃ£o,0,240
240,Mads Bech SÃ¸rensen,0,241
241,Sheraldo Becker,1500000000,242
242,Jan Bednarek,1400000000,243
243,Donny van de Beek,1700000000,244
245,Asmir Begovi?,0,246
246,Valon Behrami,0,247
247,Kevin Behrens,150000000,248
248,Youcef BelaÃ¯li,0,249
249,Vid Belec,500000,250
250,Ishak Belfodil,0,251
251,Haris Belkebla,300000000,252
252,Stefan Bell,250000000,253
253,Armel Bella Kotchap,0,254
254,Raoul Bellanova,500000000,255
255,Karim Bellarabi,250000000,256
256,Jean-Ricner Bellegarde,1000000000,257
257,HÃ©ctor BellerÃ­n,0,258
258,Jude Bellingham,12000000000,259
259,George Bello,0,260
260,Jeanuel Belocian,0,261
261,Andrea Belotti,900000000,262
262,Fran BeltrÃ¡n,0,263
263,Hatem Ben Arfa,0,264
264,Salim Ben Seghir,0,265
265,Wissam Ben Yedder,2000000000,266
266,Marco Benassi,150000000,267
268,DarÃ­o Benedetto,0,269
270,LÃ¡szlÃ³ BÃ©nes,0,271
271,Walter BenÃ­tez,0,272
272,Iker Benito,0,273
273,Loris Benito,800000,274
274,Pedro Benito,0,275
275,Filip Benkovi?,0,276
276,IsmaÃ«l Bennacer,0,277
277,Keanan Bennetts,0,278
278,SaÃ¯d Benrahma,0,279
279,Ramy Bensebaini,2000000000,280
280,Nabil Bentaleb,700000000,281
281,Rodrigo Bentancur,4000000000,282
283,Christian Benteke,0,284
284,Karim Benzema,3500000000,285
285,Alessandro Berardi,50000,286
286,Domenico Berardi,1800000000,287
287,Yuri Berchiche,200000000,288
288,Ãlex Berenguer,0,289
289,Bartosz Bereszy?ski,0,290
290,JÃ³hann Berg Gu?mundsson,0,291
291,Patrick Berg,400000000,292
292,Mitchell van Bergen,150000000,293
293,Steven Bergwijn,2400000000,294
294,Etrit Berisha,600000,295
295,Valon Berisha,0,296
296,Federico Bernardeschi,0,297
297,Paul Bernardoni,300000000,298
299,Juan Bernat,1200000000,300
300,Dimitry Bertaud,150000000,301
301,Jason Berthomier,0,302
302,NicolÃ² Bertola,0,303
303,Ryan Bertrand,100000000,304
304,Daniel Bessa,0,305
305,Beto,1300000000,306
306,Louis Beyer,0,307
307,Bartosz Bialek,300000000,308
308,Giulian Biancone,700000000,309
309,Ermin Bi?ak?i?,0,310
310,Mads Bidstrup,150000000,311
311,Pedro Bigas,100000000,312
312,El Bilal TourÃ©,0,313
313,Jean-Claude Billong,500000,314
314,Luis Binks,0,315
315,Cristiano Biraghi,650000000,316
316,Davide Biraschi,130000000,317
317,Tom Bischof,350000000,318
318,Yves Bissouma,2500000000,319
319,Nathan Bitu Mazala,0,320
320,Marco Bizot,400000000,321
321,Bjarki Bjarkason,0,322
322,Blanco,0,323
323,Ludovic Blas,1800000000,324
324,Danny Blum,0,325
325,Myron Boadu,800000000,326
326,JÃ©rÃ´me Boateng,0,327
327,Kevin-Prince Boateng,700000,328
328,Antonin Bobichon,0,329
329,Herbert Bockhorn,0,330
330,Jean-Paul BoÃ«tius,0,331
331,Jeremie Boga,0,332
333,Luka Bogdan,0,334
334,Emil Bohinen,400000000,335
335,Quentin Boisgard,0,336
336,Charles Boli,0,337
337,Willy Boly,400000000,338
338,Giacomo Bonaventura,250000000,339
339,Federico Bonazzoli,450000000,340
340,Tarsis Bonga,0,341
341,Kevin Bonifazi,330000000,342
342,Solomon Bonnah,500000,343
343,Leonardo Bonucci,250000000,344
344,Sebastiaan Bornauw,850000000,345
345,Rafael BorrÃ©,0,346
346,Sven Botman,4500000000,347
347,Denis Bouanga,0,348
348,Hicham Boudaoui,700000000,349
349,Ryad Boudebouz,0,350
350,Sofiane Boufal,0,351
351,Farid Boulaya,0,352
352,Yassine Bounou,0,353
353,IsmaÃ«lben Boura,0,354
354,Mehdi Bourabia,130000000,355
355,Benjamin Bourigeaud,1800000000,356
356,Redwan Bourles,0,357
357,Edoardo Bove,300000000,358
358,Jarrod Bowen,3800000000,359
359,Dedryck Boyata,180000000,360
360,Lucas BoyÃ©,0,361
361,Domagoj Bradari?,0,362
362,Bilal Brahimi,0,363
364,Martin Braithwaite,600000000,365
365,Julian Brandt,4000000000,366
366,Jarrad Branthwaite,700000000,367
367,Darko BraÂanac,0,368
368,Lilian Brassier,400000000,369
369,Claudio Bravo,100000000,370
370,Iker Bravo,0,371
371,Fabian Bredlow,150000000,372
372,Josip Brekalo,650000000,373
374,Gleison Bremer,0,375
375,Jimmy Briand,0,376
376,Yan Brice Eteki,0,377
377,Brian Brobbey,1300000000,378
378,Armando Broja,3000000000,379
379,Dylan Bronn,300000000,380
380,John Brooks,0,381
381,Daniel Brosinski,0,382
382,Josh Brownhill,0,383
383,Marcelo Brozovi?,0,384
384,CÃ©dric Brunner,0,385
385,Lewis Brunt,0,386
386,Jacob Bruun Larsen,400000000,387
387,Bryan,0,388
389,Ante Budimir,600000000,390
390,Emi BuendÃ­a,0,391
391,Osman Bukari,500000000,392
392,Aleksander Buksa,0,393
393,Alessandro Buongiorno,800000000,394
394,Sascha Burchert,0,395
395,Delano Burgzorg,200000000,396
396,Jonathan Burkardt,1200000000,397
397,Roman BÃ¼rki,0,398
398,Dan Burn,1200000000,399
400,Maxime Busi,300000000,401
401,Gianluca Busio,0,402
402,Oriol Busquets,0,403
403,Sergio Busquets,500000000,404
404,Jack Butland,150000000,405
405,AdriÃ¡n Butzke,0,406
406,Marcin Bu?ka,0,407
407,Jamie Bynoe-Gittens,1400000000,408
408,Sam Byram,0,409
409,Erick Cabaco,0,410
410,Willy Caballero,200000,411
411,RÃ©my Cabella,0,412
412,Jimmy Cabot,400000000,413
413,Jovane Cabral,0,414
414,Leandro Cabrera,350000000,415
415,Liberato Cacace,250000000,416
416,MartÃ­n CÃ¡ceres,0,417
418,Anthony Caci,850000000,419
419,Mathieu Cafaro,0,420
420,Yannick Cahuzac,0,421
421,Felipe Caicedo,0,422
423,MoisÃ©s Caicedo,0,424
424,Marc-AurÃ¨le Caillard,0,425
425,Jens Cajuste,450000000,426
426,Cala,0,427
427,Davide Calabria,2000000000,428
428,Riccardo Calafiori,350000000,429
430,Mattia Caldara,250000000,431
431,CalderÃ³n,0,432
432,Fernando Calero,200000000,433
433,Duje ?aleta-Car,0,434
434,Hakan ÃalhanoÃ°lu,0,435
435,Daniel Caligiuri,600000,436
436,JosÃ© CallejÃ³n,0,437
437,Lucas Calodat,0,438
438,Dominic Calvert-Lewin,2500000000,439
439,Mahdi Camara,300000000,440
440,Mamadou Camara,250000,441
441,VÃ­ctor Camarasa,0,442
442,Eduardo Camavinga,6000000000,443
444,Andrea Cambiaso,650000000,445
445,JosÃ© CampaÃ±a,0,446
446,Chem Campbell,0,447
447,Emre Can,1400000000,448
448,Sergio Canales,2000000000,449
449,Matteo Cancellieri,500000000,450
450,JoÃ£o Cancelo,0,451
451,Fali CandÃ©,0,452
452,Antonio Candreva,150000000,453
453,Sergi CanÃ³s,0,454
454,Ãlex Cantero,0,455
455,Todd Cantwell,800000000,456
456,Ander Capa,200000000,457
457,Pierrick Capelle,300000,458
458,Leonardo Capezzi,0,459
459,Ãtienne Capoue,0,460
460,Gianluca Caprari,900000000,461
461,Francesco Caputo,150000000,462
463,Maxence Caqueret,2500000000,464
464,Andrea Carboni,0,465
465,Isaac Carcelen,0,466
466,CÃ¡rdenas,0,467
467,Irvin Cardona,250000000,468
468,Igor Carioca,0,469
469,Carlo,0,470
470,Diego Carlos,3000000000,471
471,Carmona,0,472
472,Yannick Carrasco,2500000000,473
473,Guido Carrillo,0,474
474,Dani Carvajal,0,475
475,William Carvalho,1600000000,476
476,NicolÃ² Casale,0,477
477,Casemiro,5000000000,478
478,Matty Cash,2200000000,479
479,Kiko Casilla,400000,480
480,Moreto CassamÃ£,0,481
481,Francesco Cassata,0,482
482,Timothy Castagne,2800000000,483
483,Koen Casteels,800000000,484
484,Jean-Charles Castelletto,400000000,485
485,Samu Castillejo,800000000,486
486,Gonzalo Castro,0,487
487,Jonny Castro,0,488
488,Gaetano Castrovilli,1000000000,489
489,Danilo Cataldi,700000000,490
490,Catena,0,491
491,Craig Cathcart,0,492
492,Edinson Cavani,400000000,493
493,Dani Ceballos,1200000000,494
494,Pietro Ceccaroni,200000000,495
495,Federico Ceccherini,300000000,496
496,Emil Ceide,0,497
497,Zeki Ãelik,0,498
498,Fabien Centonze,500000000,499
499,Luca Ceppitelli,0,500
500,Franco Cervi,300000000,501
501,Leonardo CÃ©sar Jardim,0,502
502,Damir Ceter,0,503
503,Julian Chabot,350000000,504
505,El Chadaille Bitshiabu,700000000,506
506,Nassim Chadli,0,507
507,Kayky Chagas,0,508
508,Mehdi Chahiri,0,509
509,Trevoh Chalobah,2200000000,510
510,Calum Chambers,800000000,511
512,Dylan Chambost,0,513
513,Timothy Chandler,120000000,514
514,Chapela,0,515
515,Brendan Chardonnet,500000000,516
516,Xavier Chavalerin,180000000,517
518,Justin Che,200000000,519
519,Chema,0,520
520,Rayan Cherki,2700000000,521
521,Denis Cheryshev,0,522
522,Daniel Chesters,0,523
523,Giorgio Chiellini,0,524
524,Federico Chiesa,5000000000,525
525,Ben Chilwell,3500000000,526
526,Chiquinho,250000000,527
528,Vlad Chiriche?,0,528
529,Pedro Chirivella,600000000,529
530,Joris Chotard,900000000,530
531,Hamza Choudhury,0,531
532,Andreas Christensen,3000000000,532
533,Max Christiansen,0,533
534,Carney Chukwuemeka,1500000000,534
535,Samuel Chukwueze,2000000000,535
536,VÃ­ctor Chust,0,536
537,Riccardo Ciervo,0,537
538,Jasper Cillessen,300000000,538
539,PathÃ© Ciss,0,539
540,Moustapha CissÃ©,0,540
541,Giorgio Cittadini,0,541
542,Ciaran Clark,0,542
543,Alexis Claude-Maurice,500000000,543
544,Jonathan Clauss,1500000000,544
545,Carlos Clerc,180000000,545
546,Tom Cleverley,0,546
547,Nathaniel Clyne,300000000,547
548,Conor Coady,1800000000,548
549,Marcus Coco,150000000,549
550,Coke,0,550
551,SÃ©amus Coleman,0,551
552,Ãlex Collado,0,552
553,Ebrima Colley,300000000,553
554,Omar Colley,300000000,554
555,Nathan Collins,2200000000,555
556,Kingsley Coman,6500000000,556
557,Eray CÃ¶mert,0,557
558,Santi ComesaÃ±a,0,558
559,Diego Conde,300000,559
560,Aaron Connolly,0,560
561,Andrea Consigli,150000000,561
562,Abdu ContÃ©,0,562
563,Andrea Conti,600000,563
565,Liam Cooper,500000000,565
566,Lucas Copado,0,566
567,Diego Coppola,300000000,567
568,Francis Coquelin,500000000,568
569,SÃ©bastien Corchia,0,569
570,Sergio CÃ³rdova,0,570
571,Jack Cork,0,571
572,Maxwel Cornet,1500000000,572
574,JesÃºs Corona,0,574
575,Ãngel Correa,0,575
576,JoaquÃ­n Correa,0,576
577,Thierry Correia,1200000000,577
578,Danny da Costa,200000000,578
579,David Pereira da Costa,0,579
580,HÃ©lder Costa,0,580
582,Jaume Costa,120000000,582
583,BenoÃ®t Costil,0,583
584,VladimÃ­r Coufal,0,584
585,Kalifa Coulibaly,0,585
586,Lassana Coulibaly,400000000,586
587,Mamadou Coulibaly,0,587
588,Tanguy Coulibaly,200000000,588
589,Thibaut Courtois,6000000000,589
590,Philippe Coutinho,1400000000,590
592,Nicolas Cozza,500000000,592
593,Alessio Cragno,400000000,593
594,Aaron Cresswell,250000000,594
595,Charlie Cresswell,0,595
596,Domenico Criscito,0,596
597,Bryan Cristante,2000000000,597
598,Cristo,0,598
599,Enzo Crivelli,130000000,599
600,Domen ?rnigoj,0,600
601,Giovanni Crociata,0,601
602,Juan Cruz Armada,0,602
603,Juan Cuadrado,500000000,603
604,Cucho,0,604
605,Marc Cucurella,4000000000,605
607,Jorge Cuenca,500000000,607
608,MickaÃ«l Cuisance,0,608
610,Luke Cundle,0,610
611,Matheus Cunha,3000000000,611
613,Patrick Cutrone,0,613
614,Wylan Cyprien,300000000,614
615,Rafael Czichos,0,615
616,Lennart-Marten Czyborra,0,616
617,Danilo D'Ambrosio,200000000,617
618,Lucas Da Cunha,0,618
620,Damien Da Silva,0,620
621,Moanes Dabbur,0,621
622,Colin Dagba,500000000,622
623,Finn Dahmen,100000000,623
624,Mahmoud Dahoud,1200000000,624
625,Patson Daka,2000000000,625
626,Stuart Dallas,200000000,626
627,Diogo Dalot,3500000000,627
628,Mikkel Damsgaard,1500000000,628
629,Flavius Daniliuc,800000000,629
630,Danilo,2500000000,630
633,Kevin Danso,1600000000,631
634,Dante,700000,632
635,Ebrima Darboe,200000000,633
636,MÃ¡rton DÃ¡rdai,0,634
637,Sergi Darder,1600000000,635
638,VladimÃ­r Darida,0,636
639,Karl Darlow,0,637
640,Matteo Darmian,400000000,638
641,Josh Dasilva,900000000,639
642,Jonathan David,6000000000,640
643,Alphonso Davies,7000000000,641
644,Ben Davies,2000000000,642
646,Tom Davies,1200000000,643
647,Keinan Davis,0,644
648,Pawe? Dawidowicz,0,645
649,Craig Dawson,250000000,646
650,Kevin De Bruyne,8000000000,647
651,Konrad De La Fuente,0,648
652,Sebastien De Maio,0,649
653,Tommaso De Nipoti,0,650
654,Rodrigo De Paul,0,651
655,Mattia De Sciglio,450000000,652
656,Lorenzo De Silvestri,600000,653
657,Saulo Decarli,0,654
658,Troy Deeney,0,655
659,GrÃ©goire Defrel,0,656
660,Alessandro Deiola,0,657
661,Romain Del Castillo,300000000,658
663,Thomas Delaine,150000000,660
664,Thomas Delaney,300000000,661
666,Liam Delap,0,663
667,Sacha Delaye,0,664
668,Filippo Delli Carri,0,665
669,Andy Delort,1000000000,666
671,Fabian Delph,0,668
672,Moussa DembÃ©lÃ©,0,669
673,Ousmane DembÃ©lÃ©,0,670
674,Yusuf Demir,600000000,671
675,Merih Demiral,2500000000,672
676,Kerem Demirbay,900000000,673
677,Ermedin Demirovi?,0,674
678,Diego Demme,400000000,675
679,Jason Denayer,0,676
680,Leander Dendoncker,1700000000,677
681,Emmanuel Dennis,1000000000,678
682,Fabio Depaoli,300000000,679
684,Memphis Depay,1600000000,681
685,Mike van der Hoorn,150000000,682
686,Arthur Desmas,0,683
687,SergiÃ±o Dest,0,684
688,Mattia Destro,150000000,685
689,Gerard Deulofeu,1300000000,686
690,Kiernan Dewsbury Hall,0,687
691,Jacopo Dezi,0,688
692,Samuel Di Carmine,0,689
693,Federico Di Francesco,150000000,690
694,Giovanni Di Lorenzo,2500000000,691
695,Ãngel Di MarÃ­a,0,692
696,Francesco Di Mariano,0,693
697,Francesco Di Tacchio,0,694
698,Boulaye Dia,1400000000,695
699,Moussa Diaby,5000000000,696
700,Yadaly Diaby,400000,697
701,Mouctar Diakhaby,800000000,698
702,Ibrahim DiakitÃ©,0,699
703,Abdou Diallo,1500000000,700
704,Habib Diallo,1400000000,701
705,Ibrahima Diallo,800000000,702
706,Mouhamadou Diarra,0,703
707,StÃ©phane Diarra,0,704
708,Raphael Dias Belloli,0,705
709,RÃºben Dias,0,706
710,Krepin Diatta,0,707
711,Amadou Diawara,250000000,708
712,Brahim DÃ­az,0,709
713,Javier DÃ­az,0,710
714,Luis DÃ­az,0,711
715,VÃ­ctor DÃ­az,0,712
716,Daniel Didavi,0,713
717,Bamba Dieng,800000000,714
718,Eric Dier,2500000000,715
719,Elhadji Dieye,0,716
720,Lucas Digne,1700000000,717
722,Virgil van Dijk,4500000000,719
723,Mitchell Dijks,200000000,720
724,JavairÃ´ Dilrosun,0,721
726,Federico Dimarco,2500000000,723
727,Landry Dimata,200000000,724
728,Stole Dimitrievski,400000000,725
729,Junior Dina Ebimbe,750000000,726
730,Tristan DingomÃ©,0,727
731,Sinaly Diomande,0,728
732,Issa Diop,1800000000,729
733,Sofiane Diop,1800000000,730
734,Andy Diouf,140000000,731
735,Assane DioussÃ©,0,732
736,Axel Disasi,2500000000,733
737,Filippo Distefano,0,734
738,MatÃ­as Dituro,0,735
739,Tiago DjalÃ³,0,736
740,DjenÃ©,0,737
741,Moussa Djenepo,1000000000,738
742,Koffi Djidji,300000000,739
743,Alexander Djiku,800000000,740
744,Bryan Djile NokouÃ©,0,741
745,Berat Djimsiti,1300000000,742
746,Ouparine Djoco,600000,743
747,NaÃ¯s Djouahra,0,744
748,Marko Dmitrovi?,0,745
749,Lewis Dobbin,0,746
750,Matt Doherty,900000000,747
751,Jeremy Doku,0,748
752,Kasper Dolberg,900000000,749
753,Jaume DomÃ©nech,0,750
754,Brandon Domingues,0,751
755,Carlos Dominguez,0,752
756,Mario Dominguez,0,753
757,NicolÃ¡s DomÃ­nguez,0,754
758,John Donald,400000,755
759,Lee Dongjun,0,756
760,Anastasios Donis,900000,757
761,Gianluigi Donnarumma,5000000000,758
762,Niklas Dorsch,800000000,759
763,Gabriel Dos Santos,0,760
764,Jodel Dossou,0,761
765,Lucas Douath,0,762
766,Lohann Doucet,800000,763
767,Abdoulaye DoucourÃ©,0,764
768,Cheick DoucourÃ©,0,765
769,FodÃ© DoucourÃ©,0,766
770,IsmaÃ«l DoukourÃ©,0,767
771,Kamory Doumbia,250000000,768
772,Moussa Doumbia,0,769
773,Souleyman Doumbia,300000000,770
774,Kieran Dowell,0,771
775,Bart?omiej Dr?gowski,0,772
776,Radu Dr?gu?in,0,773
778,Cody Drameh,0,775
779,Julian Draxler,800000000,776
780,Matthieu Dreyer,0,777
781,Domingos Duarte,800000000,778
782,Ãscar Duarte,0,779
783,RubÃ©n Duarte,0,780
784,Leo Dubois,0,781
785,Martin DÃºbravka,0,782
786,Ondrej Duda,400000000,783
787,Jeremy Dudziak,900000,784
788,Shane Duffy,250000000,785
789,Unai Dufur,0,786
790,Denzel Dumfries,2800000000,787
791,Paul Dummett,120000000,788
792,Alfred Duncan,500000000,789
793,Lewis Dunk,1800000000,790
794,Erik Durm,0,791
795,Hugo Duro,500000000,792
797,Jean-Kevin Duverne,0,794
798,Paulo Dybala,3000000000,795
799,Edin D?eko,0,796
800,Enzo Ebosse,450000000,797
801,Tyronne Ebuehi,200000000,798
802,Ãderson,0,799
803,Ederson,4500000000,800
804,Odsonne Ãdouard,0,801
805,CJ Egan-Riley,250000000,802
806,Maximilian Eggestein,800000000,803
807,Lilian Egloff,150000000,804
808,Kingsley Ehizibue,230000000,805
809,Julian Eitschberger,350000,806
810,Albin Ekdal,800000,807
811,Hugo Ekitike,0,808
812,Jurgen Ekkelenkamp,550000000,809
813,Caleb Ekuban,0,810
814,Anthony Elanga,2500000000,811
815,Alberth Elis,350000000,812
816,Harvey Elliott,3500000000,813
817,Elif Elmas,0,814
818,Mohamed Elneny,900000000,815
819,Aritz Elustondo,1400000000,816
820,Nico Elvedi,2000000000,817
821,Sepe Elye Wahi,0,818
822,Mohamed Elyounoussi,1200000000,819
823,Adri Embarba,0,820
824,Breel Embolo,2200000000,821
825,Emerson,1200000000,822
827,Renaud Emond,900000,824
828,Youssef En-Nesyri,1500000000,825
829,Keita Endo,0,826
830,Wataru Endo,650000000,827
831,Christian Eriksen,2500000000,828
832,Martin Erlic,550000000,829
833,Gonzalo Escalante,200000000,830
835,AarÃ³n Escandell,0,832
836,Sergio Escudero,180000000,833
837,Alfonso Espino,400000000,834
838,Michael Esser,400000,835
839,Estanis,0,836
840,Maxime EstÃ¨ve,0,837
841,Pervis EstupiÃ±Ã¡n,0,838
842,Oghenekaro Etebo,0,839
843,Jonny Evans,300000000,840
844,Eberechi Eze,3000000000,841
845,Abdessamad Ezzalzouli,0,842
846,?ukasz Fabia?ski,0,843
847,Fabinho,4500000000,844
849,FÃ¡bio,0,845
850,Cesc FÃ bregas,0,846
851,Wout Faes,2000000000,847
852,Wahidullah Faghir,0,848
853,Romain Faivre,800000000,849
855,Radamel Falcao,200000000,851
856,Diego Falcinelli,0,852
857,Wladimiro Falcone,500000000,853
858,Fali,250000000,854
859,Paolo FaragÃ²,0,855
860,Omar Faraj,600000,856
861,Davide Faraoni,350000000,857
862,Mohamed Fares,300000000,858
863,Diego Farias,0,859
864,Wuilker FarÃ­Ã±ez,0,860
865,Ãmer Faruk Beyaz,0,861
866,Noah Fatar,0,862
867,Ansu Fati,3500000000,863
868,Julien Faussurier,0,864
869,Andrea Favilli,0,865
870,Federico Fazio,600000,866
871,Aleix Febas,0,867
872,Adrian Fein,600000,868
873,Nabil Fekir,3000000000,869
874,Felipe,300000000,870
875,Luiz Felipe,1500000000,871
877,Ohis Felix Uduokhai,0,872
878,JoÃ£o FÃ©lix,0,873
879,Kiko FemenÃ­a,0,874
880,Evan Ferguson,1000000000,875
881,Nathan Ferguson,200000000,876
882,Bruno Fernandes,7500000000,877
883,Edimilson Fernandes,300000000,878
884,Aitor FernÃ¡ndez,0,879
885,Ãlex FernÃ¡ndez,0,880
886,Ãlvaro FernÃ¡ndez,0,881
887,Federico FernÃ¡ndez,0,882
888,Fernandinho,0,883
889,Fernando,300000000,884
892,Alex Ferrari,150000000,885
893,Salvador Ferrer,0,886
894,Jordan Ferri,500000000,887
895,Riccardo Fiamozzi,0,888
896,Fidel,100000000,889
897,Karol Fila,100000000,890
898,Alfre? Finnbogason,0,891
899,Luca Fiordilino,0,892
900,Vincenzo Fiorillo,300000,893
901,Roberto Firmino,2200000000,894
902,Junior Firpo,1200000000,895
903,Mark Flekken,700000000,896
904,Ashley Fletcher,0,897
905,Alexis Flips,500000000,898
906,Alessandro Florenzi,250000000,899
907,Phil Foden,11000000000,900
908,Mamadou Fofana,0,901
909,Seko Fofana,3000000000,902
910,Wesley Fofana,6500000000,903
911,Youssouf Fofana,2500000000,904
912,Thomas Foket,450000000,905
913,Thomas Fontaine,0,906
914,JosÃ© FontÃ¡n,0,907
915,JosÃ© Fonte,0,908
916,Fernando Forestieri,0,909
917,Pablo Fornals,2500000000,910
918,Emil Forsberg,900000000,911
919,Adam Forshaw,180000000,912
920,Marcus Forss,0,913
921,Fraser Forster,150000000,914
922,Philipp FÃ¶rster,0,915
923,Francesco Forte,0,916
924,Steven Fortes,500000,917
925,Ben Foster,0,918
926,Tariqe Fosu,0,919
927,Timothy Fosu-Mensah,300000000,920
928,Dimitri Foulquier,300000000,921
930,Juan Foyth,2500000000,923
931,Gianluca Frabotta,0,924
932,Raphael Framberger,0,925
933,Przemys?aw Frankowski,0,926
934,Enric Franquesa,0,927
935,FransÃ©rgio,0,928
936,Ryan Fraser,800000000,929
937,Davide Frattesi,2200000000,930
938,Fred,2000000000,931
939,Ryan Fredericks,200000000,932
940,Morten Frendrup,0,933
941,Remo Freuler,1000000000,934
942,Marvin Friedrich,500000000,935
944,Jeremie Frimpong,3500000000,937
945,Christian FrÃ¼chtl,0,938
946,Jorge de Frutos,0,939
947,Leo Fuhr Hjelde,0,940
948,Chris FÃ¼hrich,0,941
949,Angelo Fulgini,900000000,942
950,Marius Funk,0,943
951,Stephan FÃ¼rstner,0,944
952,Matteo Gabbia,700000000,945
953,Manolo Gabbiadini,300000000,946
954,Mijat Ga?inovi?,0,947
955,Gianluca Gaetano,450000000,948
956,Luca Gagliano,0,949
957,Roberto Gagliardini,650000000,950
958,Riccardo Gagliolo,0,951
959,Javi GalÃ¡n,0,952
960,IÃ±igo Ruiz de Galarreta,0,953
961,Nicolas Galazzi,0,954
962,Pablo Galdames MillÃ¡n,0,955
963,Thiago Galhardo,0,956
964,Conor Gallagher,3200000000,957
965,Gauthier Gallon,200000000,958
966,Cristian Gamboa,700000,959
967,KÃ©vin Gameiro,0,960
968,Idrissa Gana Gueye,0,961
969,Ignatius Ganago,400000000,962
970,SilvÃ¨re Ganvoula M'Boussy,0,963
971,Ãlvaro GarcÃ­a,0,964
972,Dani GarcÃ­a,0,965
973,David GarcÃ­a,0,966
974,Eric GarcÃ­a,0,967
975,Francisco Garcia,0,968
976,Joan GarcÃ­a,0,969
977,Manu GarcÃ­a,0,970
978,RaÃºl GarcÃ­a,0,971
979,RubÃ©n GarcÃ­a,0,972
980,SaÃºl GarcÃ­a,0,973
981,Unai GarcÃ­a,0,974
982,Alejandro Garnacho,2500000000,975
983,Mario Gaspar,0,976
984,Djeidi Gassama,450000,977
985,Johan Gastien,800000,978
986,Dwight Gayle,0,979
987,Jean-Philippe Gbamin,650000000,980
988,David de Gea,1500000000,981
989,Linus Gechter,0,982
990,Dennis Geiger,900000000,983
991,Joe Gelhardt,0,984
992,Luca Gemello,300000,985
993,Yannick Gerhardt,700000000,986
994,ValÃ¨re Germain,0,987
995,Gerson,0,988
996,Willem Geubbels,250000000,989
997,Hamadi Al Ghaddioui,0,990
998,IsmaÃ«l Gharbi,0,991
999,Anwar El Ghazi,800000000,992
1001,Lamine Ghezali,0,994
1002,Paolo Ghiglione,160000000,995
1003,Saman Ghoddos,220000000,996
1004,Faouzi Ghoulam,100000000,997
1005,Dimitris Giannoulis,0,998
1006,Morgan Gibbs-White,3000000000,999
1007,Ben Gibson,0,1000
1008,Niko GieÃelmann,0,1001
1009,Rafa? Gikiewicz,0,1002
1010,Ãscar Gil,0,1003
1011,Mario Gila,300000000,1004
1012,Billy Gilmour,900000000,1005
1013,Daniel Ginczek,0,1006
1014,Matthias Ginter,2000000000,1007
1015,Nicholas Gioacchini,0,1008
1016,Sebastian Giovinco,0,1009
1017,Jimmy Giraudon,0,1010
1018,Andrei Girotto,400000000,1011
1019,Olivier Giroud,400000000,1012
1020,Serge Gnabry,5500000000,1013
1021,Ben Godfrey,1500000000,1014
1022,Diego GodÃ­n,0,1015
1023,Edoardo Goldaniga,0,1016
1025,Aleksandr Golovin,2500000000,1018
1026,AndrÃ© Gomes,0,1019
1027,Angel Gomes,1300000000,1020
1028,Toti Gomes,0,1021
1029,Dani GÃ³mez,0,1022
1030,Joe Gomez,3000000000,1023
1031,Maxi GÃ³mez,0,1024
1032,Moi GÃ³mez,0,1025
1033,Papu GÃ³mez,0,1026
1034,Sergi GÃ³mez,0,1027
1035,Alfred Gomis,0,1028
1036,Maxime Gonalons,100000000,1029
1037,Vagner GonÃ§alves,0,1030
1038,Cedric Gondo,0,1031
1039,Ãlvaro GonzÃ¡lez,0,1032
1040,Diego GonzÃ¡lez,0,1033
1041,Ãdgar GonzÃ¡lez,0,1034
1042,Giovanni GonzÃ¡lez,0,1035
1043,NicolÃ¡s GonzÃ¡lez,0,1036
1045,Peter GonzÃ¡lez,0,1038
1046,Roberto GonzÃ¡lez,0,1039
1047,Charlie Goode,0,1040
1048,Anthony Gordon,4000000000,1041
1049,Kaide Gordon,0,1042
1050,Leon Goretzka,6500000000,1043
1051,Gori,0,1044
1052,Andoni Gorosabel,1000000000,1045
1053,Robin Gosens,1800000000,1046
1055,Dan Gosling,0,1048
1056,Amine Gouiri,3500000000,1049
1057,Jeffrey Gouweleeuw,350000000,1050
1058,Jonathan Gradit,450000000,1051
1059,Jens Grahl,200000,1052
1060,Alberto Grassi,200000000,1053
1061,Jaume Grau,0,1054
1062,Andrew Gravillon,0,1055
1063,Demarai Gray,2000000000,1056
1064,Adrian Grbi?,0,1057
1065,Ivo Grbi?,0,1058
1066,Jack Grealish,7000000000,1059
1067,Etienne Green,0,1060
1068,Julian Green,0,1061
1070,Sam Greenwood,400000000,1063
1071,Michael Gregoritsch,800000000,1064
1072,Dominik Greif,150000000,1065
1073,ClÃ©ment Grenier,0,1066
1074,Sebastian Griesbeck,0,1067
1076,Antoine Griezmann,2500000000,1069
1078,Vincenzo Grifo,1200000000,1071
1079,Lennart Grill,100000000,1072
1080,Florian Grillitsch,800000000,1073
1081,Arnaut Groeneveld,0,1074
1082,Pascal GroÃ,0,1075
1083,Carlos Gruezo,0,1076
1084,Vicente Guaita,150000000,1077
1085,AndrÃ©s Guardado,0,1078
1086,Sergi Guardiola,250000000,1079
1087,Nemanja Gudelj,400000000,1080
1088,Gabriel Gudmundsson,500000000,1081
1089,Noah Guede-Nadje,0,1082
1090,GonÃ§alo Guedes,0,1083
1091,Marc GuÃ©hi,0,1084
1092,MattÃ©o Guendouzi,0,1085
1093,Yanis Guermouche,200000,1086
1094,RaphaÃ«l Guerreiro,0,1087
1095,Evann Guessand,500000000,1088
1096,Ander Guevara,500000000,1089
1097,Lamine Gueye,0,1090
1098,Pape Gueye,1000000000,1091
1099,John Guidetti,120000000,1092
1100,Josuha Guilavogui,300000000,1093
1102,Frederic Guilbert,0,1095
1103,Hugo GuillamÃ³n,0,1096
1104,Bruno GuimarÃ£es,0,1097
1106,Sehrou Guirassy,0,1099
1107,PÃ©ter GulÃ¡csi,0,1100
1108,Manuel Gulde,170000000,1101
1109,Gerard Gumbau,300000000,1102
1110,Robert Gumny,350000000,1103
1111,Ãlkay GÃ¼ndoÃ°an,0,1104
1112,Angus Gunn,0,1105
1113,Christian GÃ¼nter,0,1106
1114,Koray GÃ¼nter,0,1107
1115,Lasse GÃ¼nther,0,1108
1116,Jon Guridi,0,1109
1117,Malo Gusto,2500000000,1110
1118,RaÃºl Guti,0,1111
1119,Marcos Mauro LÃ³pez GutiÃ©rrez,0,1112
1120,Miguel GutiÃ©rrez,0,1113
1121,Albert Gu?mundsson,0,1114
1122,JoÂko Gvardiol,0,1115
1123,Emmanuel Gyasi,250000000,1116
1124,Norbert GyÃ¶mbÃ©r,0,1117
1125,Erling Haaland,17000000000,1118
1126,Nicolas Haas,250000000,1119
1127,Janik Haberer,700000000,1120
1128,Alexander Hack,250000000,1121
1129,Robin Hack,0,1122
1130,Munir El Haddadi,400000000,1123
1131,AndrÃ© Hahn,0,1124
1132,Amadou Haidara,1700000000,1125
1133,Massadio HaÃ¯dara,0,1126
1134,Oualid El Hajjam,0,1127
1135,Achraf Hakimi,7000000000,1128
1136,Marcel Halstenberg,400000000,1129
1137,Pierre-Yves Hamel,0,1130
1139,Romain Hamouma,600000,1132
1140,Samir Handanovi?,0,1133
1141,Grant Hanley,0,1134
1142,Ridgeciano Haps,0,1135
1143,Genki Haraguchi,200000000,1136
1144,Amine Harit,1400000000,1137
1145,Varazdat Haroyan,0,1138
1146,Jack Harrison,2200000000,1139
1147,Abdou Harroui,300000000,1140
1148,Luis Hartwig,0,1141
1149,Makoto Hasebe,800000,1142
1150,Hans Hateboer,600000000,1143
1151,Kortney Hause,0,1144
1152,Kai Havertz,6000000000,1145
1153,Isaac Hayden,0,1146
1154,Eden Hazard,500000000,1147
1155,Thorgan Hazard,900000000,1148
1156,Jonas Hector,350000000,1149
1157,Hwang Hee-chan,0,1150
1159,Silvan Hefti,0,1152
1160,Dominique Heintz,150000000,1153
1162,Jordan Henderson,1000000000,1155
1163,Liam Henderson,300000000,1156
1164,Jeff Hendrick,0,1157
1165,Wayne Hennessey,500000,1158
1166,Benjamin Henrichs,1500000000,1159
1167,Henrique,350000,1160
1168,Dalbert Henrique,0,1161
1169,Luis Henrique,0,1162
1170,Matheus Henrique,850000000,1163
1171,Rico Henry,2200000000,1164
1172,Thomas Henry,400000000,1165
1173,Christophe HÃ©relle,0,1166
1174,JÃ©rÃ´me Hergault,0,1167
1175,Kike Hermoso,0,1168
1176,Mario Hermoso,1800000000,1169
1177,Aridane HernÃ¡ndez,0,1170
1178,Lucas HernÃ¡ndez,0,1171
1179,Luis HernÃ¡ndez,0,1172
1180,Mario HernÃ¡ndez,0,1173
1181,Theo HernÃ¡ndez,0,1174
1182,Hernani,0,1175
1183,Ander Herrera,300000000,1176
1184,HÃ©ctor Herrera,0,1177
1185,Sergio Herrera,800000000,1178
1186,Yangel Herrera,900000000,1179
1187,Patrick Herrmann,200000000,1180
1188,Son Heung-min,0,1181
1189,Daan Heymans,150000000,1182
1190,Aaron Hickey,1800000000,1183
1191,Piero HincapiÃ©,0,1184
1192,Martin Hinteregger,0,1185
1193,Marwin Hitz,500000,1186
1194,Ki-Jana Hoever,0,1187
1195,Nicolas HÃ¶fler,0,1188
1196,Jonas Hofmann,1300000000,1189
1197,Rob Holding,1000000000,1190
1198,Lucas HÃ¶ler,0,1191
1199,Mason Holgate,1200000000,1192
1200,Gerrit Holtmann,350000000,1193
1201,Martin Hongla,350000000,1194
1202,Franck Honorat,900000000,1195
1203,Justin Hoogma,0,1196
1204,Sydney van Hooijdonk,300000000,1197
1205,Matthew Hoppe,150000000,1198
1206,Jannes Horn,0,1199
1207,Timo Horn,150000000,1200
1208,Fraser Hornby,120000000,1201
1209,CÃ©dric Hountondji,0,1202
1210,LukÃ¡Â HrÃ¡deck?,0,1203
1211,Branimir Hrgota,0,1204
1212,Petko Hristov,0,1205
1213,Ajdin Hrustic,180000000,1206
1214,Timo HÃ¼bers,0,1207
1215,Benjamin HÃ¼bner,0,1208
1216,Callum Hudson-Odoi,1700000000,1209
1217,Will Hughes,500000000,1210
1218,Mats Hummels,650000000,1211
1219,Elseid Hysaj,400000000,1212
1220,Suk Hyun-jun,0,1213
1221,Pierre HÃ¸jbjerg,0,1214
1222,Iago,550000000,1215
1223,Robert IbÃ¡Ã±ez,0,1216
1224,Roger Ibanez,0,1217
1225,Vicente Iborra,0,1218
1226,Zlatan Ibrahimovi?,0,1219
1227,Mauro Icardi,1800000000,1220
1228,Adam Idah,0,1221
1229,Oussama Idrissi,400000000,1222
1231,Iglesias,0,1224
1232,Borja Iglesias,2500000000,1225
1233,Jonathan Iglesias,0,1226
1234,Juan Ignacio RamÃ­rez,0,1227
1235,Igor,1100000000,1228
1236,Kelechi Iheanacho,1700000000,1229
1237,Danylo Ihnatenko,0,1230
1238,Jonathan Ikone,0,1231
1240,Ivan Ili?,0,1233
1241,Josip Ili?i?,0,1234
1242,Asier Illarramendi,200000000,1235
1243,Stefan Ilsanker,0,1236
1244,Ciro Immobile,1800000000,1237
1245,Burak Ãnce,0,1238
1246,Danny Ings,1600000000,1239
1247,Marcus Ingvartsen,450000000,1240
1249,Bonke Innocent,200000000,1242
1250,Lorenzo Insigne,0,1243
1251,Nikita Iosifov,0,1244
1252,Tim Iroegbunam,0,1245
1253,Alexander Isak,5000000000,1246
1254,Isco,0,1247
1255,Wilson Isidor,500000000,1248
1256,Ardian Ismajli,350000000,1249
1257,Hiroki Ito,750000000,1250
1258,Cedric Itten,300000000,1251
1259,Gian-Luca Itter,0,1252
1260,Alex Iwobi,2500000000,1253
1261,Armando Izzo,280000000,1254
1262,Nicolas Jackson,1500000000,1255
1263,Lee Jae-sung,0,1256
1264,Paul Jaeckel,550000000,1257
1265,Mato Jajalo,0,1258
1266,Kristijan Jaki?,0,1259
1267,Ismail Jakobs,700000000,1260
1268,Marin JakoliÂ,0,1261
1269,Abdel Jalil Medioub,0,1262
1270,Daniel James,1300000000,1263
1272,Reece James,7000000000,1265
1273,Vitaly Janelt,1600000000,1266
1274,Jakub Jankto,250000000,1267
1275,Pontus Jansson,500000000,1268
1276,Tony Jantschke,800000,1269
1277,Adnan Januzaj,700000000,1270
1278,Pawe? Jaroszy?ski,0,1271
1279,Jason,0,1272
1281,Dennis Jastrzembski,400000,1274
1282,Luis Javier SuÃ¡rez,0,1275
1283,Corentin Jean,0,1276
1284,Jemerson,0,1277
1285,Fredrik Jensen,250000000,1278
1286,Mathias Jensen,1400000000,1279
1287,Moritz Jenz,550000000,1280
1288,Gabriel Jesus,7500000000,1281
1289,Juan Jesus,400000000,1282
1290,Ãlvaro JimÃ©nez,0,1283
1291,RaÃºl JimÃ©nez,0,1284
1292,JoaquÃ­n,0,1285
1293,Joelinton,3800000000,1286
1294,Jofre,0,1287
1295,Marco John,0,1288
1296,Dennis Johnsen,0,1289
1297,Ben Johnson,1200000000,1290
1298,Curtis Jones,1700000000,1291
1299,Phil Jones,200000000,1292
1300,Frenkie de Jong,6000000000,1293
1301,Luuk de Jong,400000000,1294
1302,Joan JordÃ¡n,0,1295
1303,Kaio Jorge,300000000,1296
1304,Jorginho,3500000000,1297
1306,Josan,100000000,1298
1307,Willian JosÃ©,0,1299
1308,Joselu,600000000,1300
1309,Josema,0,1301
1310,Lenny Joseph,0,1302
1311,Diogo Jota,5500000000,1303
1312,Stevan Joveti?,0,1304
1313,Luka Jovi?,0,1305
1314,Miguel Juan Llambrich,0,1306
1315,JosÃ© Juan MacÃ­as,0,1307
1316,Juanmi,1500000000,1308
1317,Gideon Jung,0,1309
1318,Flavio Junior Bianchi,0,1310
1319,Hamed Junior TraorÃ¨,0,1311
1320,Lago Junior,0,1312
1321,Vinicius JÃºnior,0,1313
1322,James Justin,2500000000,1314
1323,JutglÃ ,0,1315
1324,Jens JÃ¸nsson,0,1316
1325,Mathias JÃ¸rgensen,0,1317
1326,Ozan Kabak,1000000000,1318
1327,Christian Kabasele,0,1319
1328,Issa KaborÃ©,0,1320
1329,Anton Kade,100000000,1321
1330,Pavel Kade?Ã¡bek,0,1322
1331,Tino Kadewere,500000000,1323
1332,Florian Kainz,400000000,1324
1333,GaÃ«l Kakuta,0,1325
1334,Sasa Kalajdzic,1800000000,1326
1335,Arnaud Kalimuendo,2500000000,1327
1337,Nikola Kalini?,0,1329
1338,Yayah Kallon,150000000,1330
1339,Felix Kalu Nmecha,0,1331
1340,Samuel Kalu,0,1332
1342,Pierre Kalulu,3500000000,1334
1343,Daichi Kamada,3000000000,1335
1344,Boubacar Kamara,2500000000,1336
1345,Hassane Kamara,0,1337
1347,Dimitrije Kamenovi?,0,1339
1348,Kevin Kampl,500000000,1340
1349,Jean-Armel Kana-Biyik,0,1341
1350,Nordine Kandil,400000,1342
1351,Harry Kane,9000000000,1343
1352,Lee Kangin,0,1344
1353,N'Golo KantÃ©,0,1345
1354,Stefanos Kapino,350000,1346
1355,Atakan Karazor,450000000,1347
1356,Rick Karsdorp,900000000,1348
1357,Denso Kasius,200000000,1349
1358,Grigoris Kastanos,130000000,1350
1359,Silas Katompa,0,1351
1360,Noah Katterbach,0,1352
1361,Eiji Kawashima,200000,1353
1362,Edo Kayembe,0,1354
1363,Moise Kean,2000000000,1355
1365,Michael Keane,1000000000,1357
1366,Ilan Kebbal,0,1358
1367,Wajdi Kechrida,800000,1359
1368,Thilo Kehrer,1800000000,1360
1369,Habib Keita,0,1361
1370,Naby KeÃ¯ta,0,1362
1371,Yannik Keitel,400000000,1363
1372,CaoimhÃ­n Kelleher,0,1364
1373,Marc-Oliver Kempf,0,1365
1375,Kenedy,300000000,1367
1376,Jonjoe Kenny,400000000,1368
1377,Dimitrios Keramitsis,0,1369
1378,Franck KessiÃ©,0,1370
1379,SaÃ®f-Eddine Khaoui,0,1371
1380,Wahbi Khazri,300000000,1372
1381,Rani Khedira,800000000,1373
1382,Kike,0,1374
1383,Luca Kilian,450000000,1375
1385,Max Kilman,2500000000,1377
1386,Joshua Kimmich,8000000000,1378
1387,Presnel Kimpembe,3500000000,1379
1388,Joshua King,600000000,1380
1389,Jakub Kiwior,2000000000,1381
1390,Sofian Kiyine,200000000,1382
1391,Simon KjÃ¦r,0,1383
1392,Kristoffer Klaesson,200000000,1384
1393,Philipp Klement,0,1385
1394,Mateusz Klich,0,1386
1395,Thibault Klidje,0,1387
1396,Mateo Klimowicz,0,1388
1397,Fabian Klos,0,1389
1398,Lukas Klostermann,1200000000,1390
1399,Justin Kluivert,1200000000,1391
1400,Lukas KlÃ¼nter,0,1392
1401,Ansgar Knauff,1000000000,1393
1403,Robin Knoche,500000000,1395
1404,Gregor Kobel,3500000000,1396
1405,Robin Koch,1800000000,1397
1406,Samuel KoeberlÃ©,0,1398
1407,Philippe Koffi,0,1399
1408,Dominik Kohr,400000000,1400
1409,Koba Koindredi,0,1401
1410,Koke,1600000000,1402
1411,Aleksandr Kokorin,800000,1403
1412,Aleksandar Kolarov,0,1404
1413,Sead KolaÂinac,0,1405
1415,Luca Koleosho,0,1407
1416,Randal Kolo Muani,6500000000,1408
1417,TimothÃ©e Kolodziejczak,0,1409
1418,Ghislain Konan,0,1410
1419,Ibrahima KonatÃ©,0,1411
1420,Geoffrey Kondogbia,1800000000,1412
1421,Ibrahima KonÃ©,0,1413
1422,Kouadio KonÃ©,0,1414
1423,Youssouf KonÃ©,0,1415
1424,Ezri Konsa,2200000000,1416
1425,Teun Koopmeiners,3000000000,1417
1426,Laurent Koscielny,0,1418
1427,Odilon Kossonou,0,1419
1428,Filip Kosti?,0,1420
1429,Rominigue KouamÃ©,0,1421
1430,Nianzou Kouassi,0,1422
1431,Kalidou Koulibaly,2500000000,1423
1432,Jules KoundÃ©,0,1424
1433,Christos Kourfalidis,0,1425
1434,Boubakar KouyatÃ©,0,1426
1435,Cheikhou KouyatÃ©,0,1427
1436,Mateo Kova?i?,0,1428
1437,Viktor Kovalenko,200000000,1429
1438,Emil Krafth,400000000,1430
1439,Alex KrÃ¡l,0,1431
1440,Andrej Kramari?,0,1432
1441,Christoph Kramer,250000000,1433
1442,Jean-Philippe Krasso,0,1434
1443,Julian Kristoffersen,0,1435
1444,Toni Kroos,1800000000,1436
1445,Florian KrÃ¼ger,0,1437
1446,Tim Krul,0,1438
1447,Rade Kruni?,0,1439
1448,Max Kruse,0,1440
1450,Lukas KÃ¼bler,0,1442
1451,Takefusa Kubo,1500000000,1443
1452,Juraj Kucka,0,1444
1453,Mykola Kukharevych,450000,1445
1454,Dejan Kulusevski,5500000000,1446
1456,Marash Kumbulla,900000000,1448
1457,Fabian Kunze,0,1449
1458,Enock Kwateng,220000000,1450
1459,Grejohn Kyei,200000000,1451
1460,Giorgos Kyriakopoulos,0,1452
1461,Andrea La Mantia,0,1453
1462,GaÃ«tan Laborde,0,1454
1464,Alexandre Lacazette,1200000000,1456
1465,Tom Lacoux,0,1457
1466,Lenny Lacroix,0,1458
1467,Maxence Lacroix,2000000000,1459
1468,Alban Lafont,2000000000,1460
1469,VÃ­ctor Laguardia,0,1461
1470,Konrad Laimer,2800000000,1462
1471,Stefan Lainer,350000000,1463
1472,Diego Lainez,0,1464
1473,Adam Lallana,150000000,1465
1474,Vassilis Lambropoulos,0,1466
1475,Ãrik Lamela,0,1467
1476,Didier Lamkel ZÃ©,0,1468
1477,Sam Lammers,240000000,1469
1479,Tariq Lamptey,1500000000,1471
1480,Manuel Lanzini,800000000,1472
1481,Aymeric Laporte,3000000000,1473
1482,Julien Laporte,300000000,1474
1483,Yasser Larouci,350000000,1475
1484,Kevin Lasagna,200000000,1476
1485,Jamaal Lascelles,700000000,1477
1486,Bryan Lasme,0,1478
1487,Paul Lasne,0,1479
1488,Latasa,0,1480
1489,Toni Lato,250000000,1481
1490,Armand Lauriente,0,1482
1491,Darko Lazovi?,0,1483
1492,Manuel Lazzari,1500000000,1484
1493,ThÃ©o Le Bris,0,1485
1494,JÃ©rÃ©my Le Douaron,0,1486
1495,Enzo Le FÃ©e,0,1487
1496,Vincent Le Goff,120000000,1488
1497,Maxime Le Marchand,120000000,1489
1498,Robin Le Normand,3500000000,1490
1499,Patrick Leal,0,1491
1500,Rafael LeÃ£o,0,1492
1501,Jean-Louis Leca,300000,1493
1502,JeremÃ­as Ledesma,0,1494
1503,Pierre Lees-Melou,400000000,1495
1504,Wu Lei,0,1496
1505,Maxim Leitsch,350000000,1497
1506,Lucas Leiva,0,1498
1507,Florian Lejeune,400000000,1499
1508,IÃ±igo Lekue,0,1500
1509,Thomas Lemar,2500000000,1501
1510,FÃ©lix LemarÃ©chal,0,1502
1511,Mario Lemina,1000000000,1503
1512,Fabien Lemoine,0,1504
1513,Tim Lemperle,200000000,1505
1514,Ruben Lendinez,0,1506
1515,ClÃ©ment Lenglet,0,1507
1516,Aaron Lennon,0,1508
1517,Bernd Leno,1000000000,1509
1518,Christopher Lenz,500000000,1510
1519,LÃ©o Leroy,0,1511
1520,Alexandre Letellier,400000,1512
1521,Robert Lewandowski,4000000000,1513
1522,Jamie Leweling,350000000,1514
1523,Jamal Lewis,800000000,1515
1524,Luca Lezzerini,0,1516
1525,Ben Lhassine Kone,0,1517
1526,Yanis Lhery,0,1518
1527,Dimitri LiÃ©nard,0,1519
1528,Philipp Lienhart,2000000000,1520
1529,Matthijs de Ligt,7500000000,1521
1530,Isaac Lihadji,0,1522
1531,Anderson Lima,0,1523
1532,Andreas Linde,0,1524
1533,Victor LindelÃ¶f,0,1525
1534,Jesper LindstrÃ¸m,0,1526
1535,Karol Linetty,350000000,1527
1536,Jesse Lingard,1200000000,1528
1537,Pol Lirola,250000000,1529
1538,Valentino Livramento,0,1530
1539,Dejan Ljubicic,1000000000,1531
1540,Javier LlabrÃ©s,0,1532
1541,Diego Llorente,1200000000,1533
1542,Marcos Llorente,3500000000,1534
1543,Hugo Lloris,400000000,1535
1544,Giovani Lo Celso,1800000000,1536
1546,Julen Lobete,170000000,1538
1547,Stanislav Lobotka,3800000000,1539
1548,JÃ¼rgen Locadia,0,1540
1550,Manuel Locatelli,3000000000,1542
1551,Banzouzi Locko,0,1543
1552,Renan Lodi,2000000000,1544
1553,Ruben Loftus-Cheek,2500000000,1545
1554,Kevin Long,0,1546
1555,Shane Long,0,1547
1556,Sean Longstaff,2200000000,1548
1557,Ademola Lookman,3000000000,1549
1558,Anthony Lopes,900000000,1550
1559,David LÃ³pez,0,1551
1560,Diego LÃ³pez,0,1552
1561,Javi LÃ³pez,0,1553
1562,Maxime Lopez,0,1554
1563,Pau LÃ³pez,0,1555
1564,Unai LÃ³pez,0,1556
1565,Dion Lopy,300000000,1557
1566,Samuel Loric,0,1558
1567,Anthony Losilla,500000,1559
1568,Jonas LÃ¶ssl,0,1560
1569,Marcel Lotka,130000000,1561
1570,Jordan Lotomba,600000000,1562
1571,Johaneko Louisjean,0,1563
1572,Imran Louza,0,1564
1573,Matteo Lovato,650000000,1565
1575,Eduard LÃ¶wen,0,1567
1576,Matthew Lowton,0,1568
1577,Anthony Lozano,280000000,1569
1578,Hirving Lozano,2800000000,1570
1579,Jean Lucas,700000000,1571
1580,Anderson Lucoqui,0,1572
1581,JosÃ© Luis GayÃ ,0,1573
1582,JosÃ© Luis Morales,0,1574
1583,JosÃ© Luis Palomino,0,1575
1584,Florentino LuÃ­s,0,1576
1585,Luismi,0,1577
1586,Douglas Luiz,3500000000,1578
1587,Romelu Lukaku,4000000000,1579
1588,Castello Lukeba,2000000000,1580
1589,Dodi Lukebakio,0,1581
1591,SaÂa Luki?,0,1583
1592,Levi Lumeka,250000,1584
1593,Andriy Lunin,500000000,1585
1594,Andrey Lunyov,0,1586
1595,Sebastiano Luperto,300000000,1587
1596,Andreas Luthe,0,1588
1597,Lyanco,400000000,1589
1598,Charalambos Lykogiannis,0,1590
1599,Yannis M'Bemba,0,1591
1600,Alexis Mac Allister,4200000000,1592
1601,Deiver Machado,300000000,1593
1602,Darwin MachÃ­s,0,1594
1603,Yvann Macon,0,1595
1604,James Maddison,5500000000,1596
1605,Niki MÃ¤enpÃ¤Ã¤,0,1597
1606,Pablo Maffeo,800000000,1598
1607,Louis Mafouta,0,1599
1608,Giulio Maggiore,750000000,1600
1609,Matej Maglica,750000,1601
1610,Francesco Magnanelli,0,1602
1611,Giangiacomo Magnani,300000000,1603
1613,Hugo Magnetti,180000000,1605
1614,Yohann Magnin,200000000,1606
1615,Harry Maguire,2500000000,1607
1616,Riyad Mahrez,3000000000,1608
1617,Arne Maier,550000000,1609
1618,Habib MaÃ¯ga,0,1610
1619,Mike Maignan,3500000000,1611
1620,Ainsley Maitland-Niles,800000000,1612
1622,Josh Maja,0,1614
1623,Abdul Majeed Waris,0,1615
1624,Lovro Majer,2000000000,1616
1625,Jean-Victor Makengo,1000000000,1617
1626,BÃ©ni Makouana,0,1618
1627,Nemanja Maksimovi?,0,1619
1628,Nikola Maksimovi?,0,1620
1629,KÃ©vin Malcuit,0,1621
1630,Daniel Maldini,200000000,1622
1631,Youssef Maleh,450000000,1623
1632,Donyell Malen,1600000000,1624
1633,Ruslan Malinovskyi,1800000000,1625
1634,Hugo Mallo,350000000,1626
1635,Lennard Maloney,0,1627
1636,Mickael Malsa,0,1628
1637,Giorgi Mamardashvili,2500000000,1629
1638,Rey Manaj,0,1630
1639,Hianga Mananga Mbock,0,1631
1640,Vincent Manceau,0,1632
1641,Gianluca Mancini,1800000000,1633
1642,Leonardo Mancuso,0,1634
1643,Steve Mandanda,150000000,1635
1644,Reinildo Mandava,2500000000,1636
1646,AÃ¯ssa Mandi,0,1638
1647,Rolando Mandragora,900000000,1639
1648,Anthony Mandrea,0,1640
1649,Sadio ManÃ©,0,1641
1650,Eliaquim Mangala,0,1642
1651,Orel Mangala,1200000000,1643
1652,Thomas Mangani,600000,1644
1653,Ricardo Mangas,100000000,1645
1654,Kostas Manolas,0,1646
1655,Javier Manquillo,300000000,1647
1656,Myziane Maolida,175000000,1648
1658,Sekou Mara,0,1650
1659,MaranhÃ£o,0,1651
1660,Nikola MaraÂ,0,1652
1661,Fernando MarÃ§al,0,1653
1662,Marcelo,0,1654
1665,Solly March,1800000000,1657
1666,Riccardo Marchizza,180000000,1658
1667,Gian Marco Ferrari,500000000,1659
1668,IvÃ¡n Marcone,0,1660
1669,Ãscar de Marcos,0,1661
1670,Davide Marfella,50000,1662
1671,JosÃ© Mari,0,1663
1672,Pablo MarÃ­,0,1664
1674,JosÃ© MarÃ­a GimÃ©nez,0,1666
1675,Mariano,0,1667
1676,R?zvan Marin,0,1668
1677,Guillermo MaripÃ¡n,0,1669
1678,Mika MÃ rmol,0,1670
1679,Omar Marmoush,600000000,1671
1681,Marquinhos,7000000000,1673
1683,Roger MartÃ­,0,1674
1684,Anthony Martial,1500000000,1675
1686,MartÃ­n,0,1677
1687,AarÃ³n MartÃ­n,0,1678
1688,Ander Martin,0,1679
1689,AndrÃ©s MartÃ­n,0,1680
1690,Carlos MartÃ­n,0,1681
1691,IvÃ¡n MartÃ­n,0,1682
1692,Jonas Martin,180000000,1683
1693,Martinelli,0,1684
1694,Lucas MartÃ­nez Quarta,0,1685
1695,Emiliano MartÃ­nez,0,1686
1696,IÃ±igo MartÃ­nez,0,1687
1697,Javi MartÃ­nez,0,1688
1698,Josep Martinez,0,1689
1699,Lautaro MartÃ­nez,0,1690
1700,Pablo MartÃ­nez,0,1691
1701,Gelson Martins,800000000,1692
1702,Adam MaruÂi?,0,1693
1703,Omar Mascarell,350000000,1694
1704,Andrea Masiello,0,1695
1705,Adam Masina,250000000,1696
1706,Erhan MaÂovi?,0,1697
1707,Roberto Massimo,0,1698
1708,Arthur Masuaku,550000000,1699
1709,Jaime Mata,150000000,1700
1710,Juan Mata,150000000,1701
1711,Pape Matar Sarr,1500000000,1702
1712,Eliot Matazo,700000000,1703
1713,AleÂ Mat?j?,0,1704
1714,Jean-Philippe Mateta,900000000,1705
1715,Nemanja Mati?,0,1706
1716,JoÃ«l Matip,0,1707
1717,Chrislain Matsima,400000000,1708
1718,Azor Matusiwa,600000000,1709
1719,Neal Maupay,1300000000,1710
1720,Stephy Mavididi,800000000,1711
1721,Konstantinos Mavropanos,1500000000,1712
1722,Eric Maxim Choupo-Moting,600000000,1713
1723,LuÃ­s Maximiano,0,1714
1724,Borja Mayoral,900000000,1715
1726,Derek Mazou-Sacko,0,1717
1727,Pasquale Mazzocchi,500000000,1718
1729,Kevin Mbabu,500000000,1720
1730,Kylian MbappÃ©,0,1721
1731,Ibrahima Mbaye,450000,1722
1732,Amadou Mbengue,0,1723
1733,Bryan Mbeumo,2800000000,1724
1734,Jason Mbock,0,1725
1735,Jordi Mboula,0,1726
1736,Moustapha Mbow,750000,1727
1737,Nathanael Mbuku,0,1728
1738,James McArthur,700000,1729
1739,James Mcatee,0,1730
1740,Kasey McAteer,0,1731
1741,Liam McCarron,0,1732
1742,Alex McCarthy,200000000,1733
1743,John McGinn,2700000000,1734
1744,Weston McKennie,2100000000,1735
1745,Stuart McKinstry,325000,1736
1746,Kenny McLean,0,1737
1747,Dwight McNeil,1800000000,1738
1748,Scott McTominay,2500000000,1739
1749,Gary Medel,100000000,1740
1750,Facundo Medina,1600000000,1741
1751,Nathan de Medina,0,1742
1752,Ben Mee,180000000,1743
1753,Admir Mehmedi,500000,1744
1754,Hannibal Mejbri,0,1745
1755,Farid El Melali,700000,1746
1756,Filippo Melegoni,180000000,1747
1757,Ãscar Melendo,0,1748
1758,Gonzalo Melero,400000000,1749
1759,Birger Meling,500000000,1750
1760,Arthur Melo,1500000000,1751
1761,Houboulang Mendes,250000000,1752
1762,Nuno Mendes,6500000000,1753
1763,Pedro Mendes,300000000,1754
1764,Thiago Mendes,600000000,1755
1765,TomÃ¡s Mendes,0,1756
1766,Brais MÃ©ndez,0,1757
1767,Ãdgar MÃ©ndez,0,1758
1768,Arial Mendy,0,1759
1769,Batista Mendy,300000000,1760
1771,Edouard Mendy,1800000000,1762
1772,Ferland Mendy,3500000000,1763
1773,Nampalys Mendy,350000000,1764
1774,Gideon Mensah,200000000,1765
1776,Jorge MerÃ©,0,1766
1777,Alex Meret,1800000000,1767
1778,Fran MÃ©rida,0,1768
1779,Mikel Merino,5000000000,1769
1780,Quentin Merlin,700000000,1770
1781,MartÃ­n Merquelanz,0,1771
1782,YÃ½ldÃ½rÃ½m Mert Ãetin,0,1772
1783,Dries Mertens,330000000,1773
1784,Illan Meslier,2200000000,1774
1785,Lionel Messi,4500000000,1775
1786,Junior Messias,600000000,1776
1787,Thomas Meunier,650000000,1777
1788,Mexer,300000,1778
1789,Marco MeyerhÃ¶fer,0,1779
1790,Matt Miazga,0,1780
1791,Kingsley Michael,400000,1781
1792,Sven Michel,120000000,1782
1793,Edouard Michut,0,1783
1794,Miguel,200000000,1784
1795,Valentin Mihaila,0,1785
1796,Mikael,0,1786
1797,Hilmir Mikaelsson,0,1787
1798,Georges Mikautadze,0,1788
1799,William Mikelbrencis,0,1789
1800,Nikola Milenkovi?,0,1790
1801,Arkadiusz Milik,1000000000,1791
1802,Sergej Milinkovi?-Savi?,0,1792
1803,Vanja Milinkovi?-Savi?,0,1793
1804,Ãder MilitÃ£o,0,1794
1805,Luka Milivojevi?,0,1795
1806,Luis Milla,500000000,1796
1807,Pere Milla,300000000,1797
1808,Enzo Millot,250000000,1798
1809,James Milner,200000000,1799
1810,Santi Mina,0,1800
1811,Yerry Mina,1200000000,1801
1812,Takumi Minamino,800000000,1802
1813,Tyrone Mings,2500000000,1803
1814,Ãscar Mingueza,0,1804
1815,Rafa Mir,1000000000,1805
1816,Jorge MiramÃ³n,0,1806
1817,Aleksei Miranchuk,0,1807
1818,Juan Miranda,500000000,1808
1819,Fabio Miretti,1500000000,1809
1820,Tyrick Mitchell,2800000000,1810
1821,Stefan Mitrovi?,0,1811
1822,Maximilian MittelstÃ¤dt,0,1812
1823,Henrikh Mkhitaryan,600000000,1813
1824,Jakub Moder,1200000000,1814
1825,Anthony Modeste,100000000,1815
1826,Marco Modolo,0,1816
1827,Luka Modri?,0,1817
1828,Terem Moffi,2000000000,1818
1829,Kevin MÃ¶hwald,0,1819
1830,Dion Moise Sahi,0,1820
1831,Johan Mojica,500000000,1821
1832,Clinton Mola,0,1822
1833,Jorge Molina,0,1823
1834,Nahuel Molina,2400000000,1824
1835,Cristian Molinaro,0,1825
1836,Florent Mollet,200000000,1826
1837,Jon Moncayola,1200000000,1827
1838,Monchu,500000000,1828
1839,Thomas Monconduit,0,1829
1840,Gonzalo Montiel,1200000000,1830
1841,Lorenzo MontipÃ²,0,1831
1842,Ãngel Montoro,0,1832
1843,MartÃ­n Montoya,0,1833
1844,Wesley Moraes,0,1834
1845,Ãlvaro Morata,0,1835
1846,Jan MorÃ¡vek,0,1836
1847,Jon Morcillo,300000000,1837
1848,JÃ©rÃ©my Morel,0,1838
1849,Alberto Moreno,400000000,1839
1850,Ãlex Moreno,0,1840
1851,Gerard Moreno,3000000000,1841
1852,Tete Morente,250000000,1842
1853,Ilaix Moriba,600000000,1843
1855,Manu Morlanes,400000000,1845
1856,RaÃºl Moro,0,1846
1857,Loren MorÃ³n,0,1847
1859,Tyler Morton,0,1849
1860,Cristhian Mosquera,100000000,1850
1861,Lebo Mothiba,150000000,1851
1863,Andrei Motoc,0,1853
1864,Baptiste Mouazan,0,1854
1865,Aimen Moueffek,0,1855
1866,Youssoufa Moukoko,3000000000,1856
1867,Harold Moukoudi,400000000,1857
1868,Jessy Moulin,250000,1858
1869,Steve MouniÃ©,0,1859
1870,Mason Mount,6500000000,1860
1871,Lucas Moura,900000000,1861
1872,Lys Mousset,0,1862
1873,JoÃ£o Moutinho,0,1863
1874,Samuel Moutoussamy,450000000,1864
1875,Toni Moya,0,1865
1876,Samuel MrÃ¡z,0,1866
1877,Nordi Mukiele,2000000000,1867
1878,Mert MÃ¼ldÃ¼r,0,1868
1879,Florian MÃ¼ller,0,1869
1880,Thomas MÃ¼ller,0,1870
1881,Bali Mumba,0,1871
1882,Marshall Munetsi,500000000,1872
1883,Iker Muniain,1000000000,1873
1884,Aihen MuÃ±oz,0,1874
1885,Luis Muriel,800000000,1875
1886,Jeison Murillo,200000000,1876
1887,Vedat Muriqi,1500000000,1877
1889,Jacob Murphy,1000000000,1879
1890,Nicola Murru,160000000,1880
1891,Yunus Musah,2200000000,1881
1892,Torben MÃ¼sel,0,1882
1893,Jamal Musiala,11000000000,1883
1894,Juan Musso,1400000000,1884
1895,Shkodran Mustafi,0,1885
1896,Junior Mwanga,0,1886
1897,Enock Mwepu,0,1887
1898,Vitaliy Mykolenko,2200000000,1888
1899,Joakim MÃ¦hle,0,1889
1900,Obite N'Dicka,0,1890
1901,KÃ©vin N'Doram,0,1891
1902,Eric N'Jo,300000,1892
1903,Vital N'Simba,0,1893
1904,Nacho,0,1894
1905,Mickael Nade,0,1895
1906,Marvelous Nakamba,0,1896
1907,Nahitan NÃ¡ndez,0,1897
1908,Nani,0,1898
1909,Paul Nardi,250000000,1899
1910,Nikolas Nartey,180000000,1900
1911,Matija Nastasi?,0,1901
1912,Roberto Navarro,0,1902
1913,Ximo Navarro,700000,1903
1914,JesÃºs Navas,0,1904
1915,Keylor Navas,500000000,1905
1916,Papa Ndiaga Yade,180000000,1906
1917,Loum Ndiaye,0,1907
1918,Wilfred Ndidi,3200000000,1908
1919,Tanguy Ndombele,0,1909
1921,Dan Ndoye,350000000,1911
1922,Paul Nebel,0,1912
1923,Ãlvaro Negredo,0,1913
1924,Reiss Nelson,700000000,1914
1925,David Nemeth,0,1915
1926,Ilija Nestorovski,600000,1916
1927,Neto,250000000,1917
1929,Pedro Neto,3200000000,1918
1930,Luca Netz,650000000,1919
1931,Manuel Neuer,700000000,1920
1932,Florian Neuhaus,1500000000,1921
1933,Carlos Neva,0,1922
1934,RÃºben Neves,0,1923
1935,Neymar,7000000000,1924
1936,Yvan Neyou,0,1925
1937,Jeremy Ngakia,0,1926
1938,Jessic Ngankam,350000000,1927
1939,Opa Nguette,0,1928
1940,AurÃ©lien Nguiamba,0,1929
1941,Sikou NiakatÃ©,0,1930
1942,Moussa Niakhate,0,1931
1943,Ibrahima Niane,350000000,1932
1944,M'Baye Niang,300000000,1933
1945,Cheikh Niasse,250000000,1934
1946,Florian Niederlechner,220000000,1935
1947,HÃ¥vard Nielsen,0,1936
1948,SaÃºl ÃÃ­guez,0,1937
1950,Dimitris Nikolaou,0,1939
1951,Joakim Nilsson,0,1940
1952,Casimir Ninga,100000000,1941
1953,Fernando NiÃ±o,0,1942
1954,Eddie Nketiah,2500000000,1943
1955,Nicolas Nkoulou,0,1944
1956,Christopher Nkunku,8000000000,1945
1957,Lukas Nmecha,1400000000,1946
1958,Mark Noble,0,1947
1959,Peru Nolaskoain,0,1948
1960,Nolito,0,1949
1961,Arnaud Nordin,500000000,1950
1962,HÃ¥vard Nordtveit,0,1951
1963,Mathias Normann,750000000,1952
1964,Connor NoÃ,0,1953
1965,Hugo Novoa,500000000,1954
1966,Soma Novothny,0,1955
1967,Jean-Pierre Nsame,350000000,1956
1968,Randy Ntekja,0,1957
1969,Alexander NÃ¼bel,0,1958
1970,Kasim Nuhu,0,1959
1971,Unai NÃºÃ±ez,0,1960
1972,Hans Nunoo Sarpei,0,1961
1973,Bram Nuytinck,200000000,1962
1974,Simeon Nwankwo,0,1963
1975,Gerzino Nyamsi,650000000,1964
1976,Allan Nyom,0,1965
1977,M'Bala Nzola,650000000,1966
1978,Christian NÃ¸rgaard,0,1967
1979,Adam Obert,0,1968
1980,Joel Obi,0,1969
1981,Jan Oblak,4000000000,1970
1982,Lucas Ocampos,1200000000,1971
1983,Bastian Oczipka,0,1972
1984,Brain Oddei,0,1973
1985,Ãlvaro Odriozola,0,1974
1986,Angelo Ogbonna,100000000,1975
1987,Florent Ogier,500000,1976
1988,Stefano Okaka,180000000,1977
1989,David Okereke,430000000,1978
1990,Masaya Okugawa,0,1979
1991,Lucas Olaza,250000000,1980
1992,Oier OlazÃ¡bal,0,1981
1993,Mathias Olesen,120000000,1982
1994,Michael Olise,2700000000,1983
1995,Christian Oliva,0,1984
1996,Brian OlivÃ¡n,0,1985
1997,SÃ©rgio Oliveira,0,1986
1998,MathÃ­as Olivera,0,1987
1999,Dani Olmo,4000000000,1988
2000,Robin Olsen,200000000,1989
2001,Warmed Omari,800000000,1990
2002,Jonas Omlin,700000000,1991
2003,Andrew Omobamidele,0,1992
2004,Amadou Onana,4200000000,1993
2005,Jean Onana,400000000,1994
2006,Karim Onisiwo,350000000,1995
2007,Javier Ontiveros,0,1996
2008,Tyler Onyango,0,1997
2009,Frank Onyeka,900000000,1998
2010,Willi Orban,0,1999
2011,Divock Origi,800000000,2000
2012,Riccardo Orsolini,1000000000,2001
2013,Stefan Ortega,600000000,2002
2014,Pedro Ortiz,150000,2003
2015,Victor Osimhen,10000000000,2004
2016,Milutin Osmaji?,0,2005
2017,David Ospina,0,2006
2018,Patrick Osterhage,200000000,2007
2019,TomÃ¡Â OstrÃ¡k,0,2008
2020,OtÃ¡vio,0,2009
2021,Paulo OtÃ¡vio,0,2010
2022,Dango Ouattara,2000000000,2011
2023,Remi Oudin,0,2012
2024,Alexandre Oukidja,0,2013
2025,Azzedine Ounahi,1500000000,2014
2026,Adam Ounas,800000000,2015
2027,JesÃºs Owono,0,2016
2028,Reece Oxford,900000000,2017
2029,Alex Oxlade-Chamberlain,1000000000,2018
2030,Mikel Oyarzabal,5000000000,2019
2031,Ambroise Oyongo,0,2020
2032,Salih Ãzcan,0,2021
2033,Levin ÃztunalÃ½,0,2022
2034,Fernando Pacheco,300000000,2023
2035,Jon Pacheco,600000000,2024
2036,GonÃ§alo PaciÃªncia,0,2025
2037,Daniele Padelli,300000,2026
2038,Gavi Paez,0,2027
2039,Simone Pafundi,350000000,2028
2040,Vincent Pajot,0,2029
2041,Exequiel Palacios,1500000000,2030
2042,Helibelton Palacios,120000000,2031
2043,Isaac PalazÃ³n Camacho,0,2032
2044,Nicolas Pallois,100000000,2033
2045,Cole Palmer,1500000000,2034
2046,Erik Palmer-Brown,300000000,2035
2047,Emerson Palmieri,0,2036
2049,Martin Palumbo,0,2038
2050,Goran Pandev,0,2039
2051,Ivor Pandur,150000000,2040
2052,MiloÂ Pantovi?,0,2041
2053,Antonios Papadopoulos,600000,2042
2054,Matondo-Merveille Papela,0,2043
2055,Lucas PaquetÃ¡,0,2044
2056,RubÃ©n Pardo,0,2045
2057,Kevin Paredes,500000000,2046
2058,Leandro Paredes,1200000000,2047
2059,Daniel Parejo,0,2048
2060,Fabiano Parisi,1000000000,2049
2061,RaÃºl Parra,0,2050
2062,Thomas Partey,3800000000,2051
2063,Mario PaÂali?,0,2052
2064,Felix Passlack,150000000,2053
2065,Javier Pastore,0,2054
2066,Patric,600000000,2055
2067,Rui PatrÃ­cio,0,2056
2068,Paulinho,800000000,2057
2072,Gabriel Paulista,300000000,2058
2073,Benjamin Pavard,3500000000,2059
2074,Strahinja Pavlovi?,0,2060
2075,Leonardo Pavoletti,0,2061
2076,Dimitri Payet,200000000,2062
2077,Mads Pedersen,250000000,2063
2078,Alfonso Pedraza,1500000000,2064
2079,Pedri,10000000000,2065
2080,Pedro,250000000,2066
2081,JoÃ£o Pedro,0,2067
2083,Pedrosa,0,2069
2084,Gianluca Pegolo,100000,2070
2085,Peter PekarÃ­k,0,2071
2086,Pietro Pellegri,400000000,2072
2088,Lorenzo Pellegrini,3500000000,2074
2089,Luca Pellegrini,900000000,2075
2090,Facundo Pellistri,300000000,2076
2091,Federico Peluso,0,2077
2092,Timothee Pembele,0,2078
2093,RubÃ©n PeÃ±a,0,2079
2094,Philipp Pentke,300000,2080
2095,Nicolas PÃ©pÃ©,0,2081
2096,Ricardo Pepi,900000000,2082
2097,Alberto Perea,0,2083
2098,Victor Perea,0,2084
2099,Mathias Pereira Lage,250000000,2085
2100,Brayann Pereira,0,2086
2101,Danilo Pereira,1200000000,2087
2102,Ricardo Pereira,1200000000,2088
2103,GastÃ³n Pereiro,0,2089
2104,Luan Peres Petroni,0,2090
2105,Dor Peretz,0,2091
2106,Roberto Pereyra,650000000,2092
2107,Ayoze PÃ©rez,0,2093
2108,Carles PÃ©rez,0,2094
2109,IÃ±igo PÃ©rez,0,2095
2110,Juan PÃ©rez,0,2096
2111,Kike PÃ©rez,0,2097
2112,Lucas PÃ©rez,0,2098
2114,NehuÃ©n PÃ©rez,0,2100
2115,Mattia Perin,400000000,2101
2116,Ivan PeriÂi?,0,2102
2117,Sonny Perkins,0,2103
2118,Diego Perotti,0,2104
2119,Romain Perraud,1200000000,2105
2120,Lucas Perrin,350000000,2106
2121,Mario Perrone,0,2107
2122,Pavao Pervan,400000,2108
2123,Matteo Pessina,1400000000,2109
2124,Andrea Petagna,1000000000,2110
2125,Nils Petersen,150000000,2111
2126,Danijel Petkovi?,0,2112
2127,LÃ©o PÃ©trot,0,2113
2128,NjegoÂ Petrovi?,0,2114
2129,Jens Petter Hauge,300000000,2115
2130,Alex Petxa,0,2116
2131,GermÃ¡n Pezzella,0,2117
2132,Giuseppe Pezzella,300000000,2118
2133,Immanuel Pherai,0,2119
2134,Maximilian Philipp,200000000,2120
2135,Romain Philippoteaux,0,2121
2136,Kalvin Phillips,3500000000,2122
2137,Jaden Philogene Bidace,0,2123
2138,JÃ©rÃ´me Phojo,0,2124
2139,Krzysztof Pi?tek,0,2125
2141,Pablo Piatti,0,2127
2142,Cristiano Piccini,0,2128
2143,Roberto Piccoli,350000000,2129
2145,Jordan Pickford,2500000000,2131
2146,JÃ©rÃ©my Pied,0,2132
2147,Amos Pieper,600000000,2133
2148,RonaÃ«l Pierre-Gabriel,0,2134
2149,Erik Pieters,0,2135
2150,TomÃ¡s Pina Isla,0,2136
2151,Andrea Pinamonti,1700000000,2137
2152,OrbelÃ­n Pineda,0,2138
2153,Ethan Pinnock,1200000000,2139
2154,Yeremi Pino,0,2140
2155,Carlo Pinsoglio,300000,2141
2156,Riccardo Pinzi,0,2142
2157,Gerard PiquÃ©,0,2143
2158,Marko Pjaca,220000000,2144
2159,Marvin Plattenhardt,200000000,2145
2160,Alassane PlÃ©a,0,2146
2161,Tommaso Pobega,1500000000,2147
2162,Daniel Podence,2000000000,2148
2163,Suf Podgoreanu,0,2149
2164,Paul Pogba,2000000000,2150
2165,Joel Pohjanpalo,0,2151
2166,Matteo Politano,2000000000,2152
2167,Julian Pollersbeck,600000,2153
2168,Sebastian Polter,170000000,2154
2169,Ezequiel Ponce,300000000,2155
2170,Marin Pongra?i?,0,2156
2171,Pere Pons,200000000,2157
2172,Nick Pope,1800000000,2158
2173,Manolo Portanova,0,2159
2174,Portu,450000000,2160
2175,Stefan Posch,1000000000,2161
2176,Sergio Postigo,0,2162
2177,Yussuf Poulsen,1000000000,2163
2178,GaÃ«tan Poussin,0,2164
2179,DarÃ­o Poveda,0,2165
2180,JosÃ© Pozo,0,2166
2181,Dennis Praet,800000000,2167
2182,Mateusz Praszelik,0,2168
2183,AbdÃ³n Prats,0,2169
2184,Sanjin Prci?,0,2170
2185,Nicolas de PrÃ©ville,0,2171
2186,Isaac Price,0,2172
2187,Manuel Prietl,0,2173
2188,Alejandro Primo,0,2174
2189,Grischa PrÃ¶mel,0,2175
2190,Nick Proschwitz,0,2176
2191,Ivan Provedel,1200000000,2177
2192,Javi Puado,700000000,2178
2193,Pubill,0,2179
2194,Antonio Puertas,0,2180
2195,Riqui Puig,0,2181
2196,Teemu Pukki,0,2182
2197,Erick Pulgar,0,2183
2198,Christian Pulisic,3200000000,2184
2199,Afimico Pululu,0,2185
2200,Ignacio Pussetto,250000000,2186
2201,Niklas PyyhtiÃ¤,0,2187
2202,Przemys?aw P?acheta,0,2188
2203,Yacine Qasmi,0,2189
2204,Fabio Quagliarella,100000000,2190
2205,Quini,0,2191
2206,Dani Raba,0,2192
2208,Adrien Rabiot,3000000000,2194
2209,UroÂ Ra?i?,0,2195
2210,Nemanja Radoja,0,2196
2211,Nemanja Radonji?,0,2197
2212,Ivan Radovanovi?,0,2198
2213,Ionu? Radu,0,2199
2214,?tefan Radu,0,2200
2215,Boris Radunovi?,0,2201
2216,Sidney Raebiger,0,2202
2217,Rafinha,0,2203
2219,Antonio Raillo,0,2205
2220,Antonio Raimondo,700000,2206
2221,Predrag Rajkovi?,0,2207
2222,Jesuran Rak Sakyi,0,2208
2223,Ivan Rakiti?,0,2209
2224,Diant Ramaj,750000,2210
2225,JonÃ¡s Ramalho,0,2211
2226,Adil Rami,300000,2212
2227,Sandro RamÃ­rez,0,2213
2228,Guilherme Ramos,0,2214
2229,Sergio Ramos,600000000,2215
2230,Aaron Ramsdale,3800000000,2216
2231,Aaron Ramsey,300000000,2217
2232,Jacob Ramsey,3200000000,2218
2233,Luca Ranieri,230000000,2219
2234,Andrea Ranocchia,0,2220
2235,Tobias Raschl,0,2221
2236,Elba Rashani,0,2222
2237,Marcus Rashford,8000000000,2223
2238,Milot Rashica,750000000,2224
2239,Giacomo Raspadori,3500000000,2225
2240,RaÃºl,0,2226
2241,David Raum,2000000000,2227
2242,Nicola Ravaglia,100000,2228
2243,David Raya,2500000000,2229
2244,Ante Rebi?,0,2230
2245,Arkadiusz Reca,300000000,2231
2246,LluÃ­s Recasens,0,2232
2247,Nathan Redmond,950000000,2233
2248,Sergio ReguilÃ³n,0,2234
2249,Manolo Reina,0,2235
2250,Pepe Reina,700000,2236
2251,Jeff Reine-AdÃ©laÃ¯de,0,2237
2252,Reinier,300000000,2238
2253,Karim Rekik,400000000,2239
2254,Ãlex Remiro,0,2240
2255,Panagiotis Retsos,250000000,2241
2257,Marco Reus,900000000,2243
2258,Elvis RexhbeÃ§aj,0,2244
2259,Gio Reyna,0,2245
2260,Bryan Reynolds,250000000,2246
2261,Nico Ribaudo,0,2247
2262,Tiago Ribeiro,200000,2248
2263,Franck RibÃ©ry,0,2249
2264,Samuele Ricci,1500000000,2250
2266,Declan Rice,8000000000,2252
2267,Chris Richards,1000000000,2253
2269,Omar Richards,700000000,2255
2270,Taylor Richards,0,2256
2271,Richarlison,5500000000,2257
2272,Marco Richter,600000000,2258
2273,Diego Rico,300000000,2259
2274,Sergio Rico,400000000,2260
2276,JaÃ¯ro Riedewald,0,2262
2277,Manuel Riemann,120000000,2263
2278,TomÃ¡s RincÃ³n,0,2264
2280,Luis Rioja,0,2266
2281,Renaud Ripart,300000000,2267
2282,Mihailo Risti?,0,2268
2283,Matt Ritchie,180000000,2269
2284,Maxence Rivera,0,2270
2285,Rober,0,2271
2286,Sergi Roberto,600000000,2272
2287,Connor Roberts,0,2273
2288,Patrick Roberts,0,2274
2289,Tyler Roberts,0,2275
2290,Andrew Robertson,4800000000,2276
2291,Marc Roca,1500000000,2277
2292,RubÃ©n Rochina,0,2278
2293,Cimo RÃ¶cker,0,2279
2294,Enzo Roco,180000000,2280
2295,Stian Rode Gregersen,0,2281
2296,Sebastian Rode,250000000,2282
2297,Joe Rodon,800000000,2283
2298,Rodri,8000000000,2284
2299,Rodrigo,900000000,2285
2301,Gerson Rodrigues,0,2287
2302,KÃ©vin Rodrigues,0,2288
2303,Ãscar RodrÃ­guez Arnaiz,0,2289
2305,Ãngel RodrÃ­guez,0,2291
2306,Dani RodrÃ­guez,0,2292
2307,Guido RodrÃ­guez,0,2293
2308,Jay Rodriguez,0,2294
2309,Ricardo RodrÃ­guez,0,2295
2310,Rodrygo,8000000000,2296
2311,Mads Roerslev,220000000,2297
2312,Marko Rog,0,2298
2313,RogÃ©rio,0,2299
2314,Alessio Romagnoli,1800000000,2300
2315,Simone Romagnoli,750000,2301
2316,Leonardo RomÃ¡n,0,2302
2317,Cristian Romero,6000000000,2303
2318,IvÃ¡n Romero,0,2304
2319,Luka Romero,100000000,2305
2320,Sergio Romero,0,2306
2321,Oriol Romeu,500000000,2307
2322,Cristiano Ronaldo,0,2308
2324,SalomÃ³n RondÃ³n,0,2310
2325,Valentin Rongier,1800000000,2311
2326,Marten de Roon,1200000000,2312
2327,Unai Ropero,0,2313
2328,Pablo Rosario,700000000,2314
2329,Romario RÃ¶sch,0,2315
2330,Danny Rose,0,2316
2331,Francesco Rossi,100000,2317
2332,Tom Rothe,350000000,2318
2333,JÃ©rÃ´me Roussillon,0,2319
2334,NicolÃ² Rovella,0,2320
2335,Jon Rowe,0,2321
2336,Amir Rrahmani,2500000000,2322
2337,Ruan,0,2323
2338,RubÃ©n,0,2324
2339,John Ruddy,0,2325
2340,Antonio RÃ¼diger,0,2326
2341,Sebastian Rudy,150000000,2327
2342,Daniele Rugani,250000000,2328
2343,Matteo Ruggeri,200000000,2329
2344,MÃ¡rio Rui,0,2330
2345,Aitor Ruibal,500000000,2331
2346,FabiÃ¡n Ruiz PeÃ±a,0,2332
2347,Isma Ruiz,0,2333
2348,VÃ­ctor Ruiz,0,2334
2349,GerÃ³nimo Rulli,0,2335
2350,Lukas Rupp,800000,2336
2351,Alessandro Russo,500000,2337
2352,Franco Russo,100000000,2338
2353,Georginio Rutter,2200000000,2339
2354,Mathew Ryan,400000000,2340
2355,Julian Ryerson,1000000000,2341
2356,Frederik RÃ¸nnow,0,2342
2357,JosÃ© SÃ¡,0,2343
2358,Roli Pereira de Sa,0,2344
2359,Youssouf Sabaly,500000000,2345
2360,Mathys Saban,0,2346
2361,Stefano Sabelli,0,2347
2362,Abdelhamid Sabiri,300000000,2348
2363,Marcel Sabitzer,2000000000,2349
2365,Falaye Sacko,400000000,2351
2366,Alexis Saelemaekers,1500000000,2352
2367,Rafiki Said Ahamada,0,2353
2368,Wesley SaÃ¯d,0,2354
2369,Allan Saint-Maximin,3500000000,2355
2370,Romain SaÃ¯ss,0,2356
2371,Bukayo Saka,11000000000,2357
2372,Mamadou Sakho,350000000,2358
2373,Bakary Sako,200000,2359
2374,Jacopo Sala,500000,2360
2375,Mohamed Salah,7000000000,2361
2376,Eddie Salcedo,0,2362
2377,William Saliba,5500000000,2363
2378,Romain Salin,300000,2364
2379,Mohammed Salisu,1800000000,2365
2380,Roland Sallai,1000000000,2366
2381,Yoann Salmier,200000000,2367
2382,Salvi,0,2368
2383,Lazar Samardzic,750000000,2369
2384,Diadie SamassÃ©kou,0,2370
2385,Mama Samba BaldÃ©,0,2371
2386,Albert Sambi Lokonga,1500000000,2372
2387,Junior Sambia,350000000,2373
2388,Luigi Samele,0,2374
2389,Fede San Emeterio,200000000,2375
2390,Antonio Sanabria,700000000,2376
2391,Oihan Sancet,3000000000,2377
2392,Renato Sanches,2000000000,2378
2393,Alexis SÃ¡nchez,0,2379
2394,Antonio SÃ¡nchez,0,2380
2395,Davinson SÃ¡nchez,0,2381
2396,GermÃ¡n SÃ¡nchez,0,2382
2397,Juan SÃ¡nchez,0,2383
2398,Manuel SÃ¡nchez,0,2384
2399,Robert SÃ¡nchez,0,2385
2400,Jadon Sancho,5500000000,2386
2401,Philippe Sandler,200000000,2387
2402,Alex Sandro,450000000,2388
2403,Leroy SanÃ©,0,2389
2404,Oier Sanjurjo,400000,2390
2405,Mohamed Sankoh,800000,2391
2406,Morgan Sanson,600000000,2392
2407,Nicola Sansone,150000000,2393
2408,Baptiste Santamaria,1500000000,2394
2410,Federico Santander,0,2396
2411,JesÃºs Santiago,0,2397
2412,Samir Santos,0,2398
2414,Sergio Santos,0,2400
2415,Alvaro Sanz,0,2401
2416,Riccardo Saponara,200000000,2402
2417,Pablo Sarabia,1600000000,2403
2418,Marcelo Saracchi,0,2404
2419,Josh Sargent,0,2405
2420,Jeremy Sarmiento,500000000,2406
2421,Bouna Sarr,250000000,2407
2422,Ismaila Sarr,0,2408
2423,Malang Sarr,800000000,2409
2424,Joan Sastre Vanrell,0,2410
2425,Giacomo Satalino,0,2411
2426,Martin Satriano,0,2412
2428,TÃ©ji Savanier,0,2414
2429,Esteban Saveljich,600000,2415
2430,Stefan Savi?,0,2416
2431,Joseph Scally,0,2417
2432,Giorgio Scalvini,3000000000,2418
2433,Gianluca Scamacca,2700000000,2419
2434,Dane Scarlett,0,2420
2435,Kevin Schade,2000000000,2421
2436,AndrÃ¡s SchÃ¤fer,0,2422
2437,Fabian SchÃ¤r,0,2423
2438,Louis Schaub,0,2424
2439,Andrea Schiavone,0,2425
2440,Patrik Schick,3000000000,2426
2441,Kingsley Schindler,100000000,2427
2442,Xaver Schlager,2200000000,2428
2443,Keven Schlotterbeck,300000000,2429
2444,Nico Schlotterbeck,4000000000,2430
2445,Jeffrey Schlupp,800000000,2431
2446,Kasper Schmeichel,250000000,2432
2447,Jonathan Schmid,120000000,2433
2448,Benno Schmitz,300000000,2434
2449,David Schnegg,800000,2435
2450,Morgan Schneiderlin,0,2436
2451,Alessandro SchÃ¶pf,0,2437
2452,Jerdy Schouten,850000000,2438
2453,Nico Schulz,200000000,2439
2454,Marvin SchwÃ¤be,0,2440
2455,Alexander Schwolow,900000,2441
2456,Valentino Scotta,0,2442
2457,Demba Seck,300000000,2443
2458,Aleksandar Sedlar,0,2444
2459,Paul Seguin,300000000,2445
2460,Alidu Seidu,500000000,2446
2461,Davie Selke,180000000,2447
2462,Matz Sels,800000000,2448
2463,Ken Sema,0,2449
2464,NÃ©lson Semedo,0,2450
2465,Lion Semi?,0,2451
2466,Adrian Âemper,0,2452
2467,Stefano Sensi,800000000,2453
2469,Luigi Sepe,100000000,2455
2470,Suat Serdar,650000000,2456
2471,Laurens Serpe,0,2457
2472,Janni Serra,0,2458
2473,Javier Serrano,0,2459
2474,NicolÃ¡s Serrano,0,2460
2475,Zidan Sertdemir,200000000,2461
2476,Ryan Sessegnon,2200000000,2462
2477,Nils Seufert,0,2463
2478,Salva Sevilla,0,2464
2479,Stephan El Shaarawy,500000000,2465
2480,Jamie Shackleton,0,2466
2481,Xherdan Shaqiri,0,2467
2482,Luke Shaw,3500000000,2468
2483,Jonjo Shelvey,700000000,2469
2484,Aimar Sher,100000000,2470
2485,Eldor Shomurodov,700000000,2471
2486,Shola Shoretire,0,2472
2487,Mahame Siby,0,2473
2488,Aboubakar SidibÃ©,0,2474
2489,Alassane Sidibe,0,2475
2490,Djibril SidibÃ©,0,2476
2491,Kaj Sierhuis,150000000,2477
2492,Francisco Sierralta,0,2478
2493,ArnÃ³r Sigur?sson,0,2479
2494,Kiliann Sildillia,1200000000,2480
2495,Adrien Silva,0,2481
2496,AndrÃ© Silva,0,2482
2497,Bernardo Silva,8000000000,2483
2498,Caio Henrique Oliveira Silva,0,2484
2499,David Silva,400000000,2485
2500,FÃ¡bio Silva,0,2486
2501,Gabriel Silva,250000000,2487
2502,Jonathan Silva,0,2488
2503,Rui Silva,1500000000,2489
2504,Thiago Silva,250000000,2490
2506,Marco Silvestri,500000000,2491
2507,Mohamed Simakan,2800000000,2492
2508,Giovanni Simeone,1700000000,2493
2510,Giuliano Simeone,0,2495
2511,Ellis Simms,400000000,2496
2512,Moses Simon,900000000,2497
2513,Unai SimÃ³n,0,2498
2514,Xavi Simons,3000000000,2499
2515,Wilfried Singo,0,2500
2516,Daley Sinkgraven,300000000,2501
2517,Tobias Sippel,400000,2502
2518,Hugo Siquet,300000000,2503
2519,Salvatore Sirigu,600000,2504
2520,Issouf Sissokho,0,2505
2521,Ibrahima Sissoko,800000000,2506
2522,Moussa Sissoko,350000000,2507
2523,Nelson Sissoko,0,2508
2524,Sambou Sissoko,650000,2509
2526,Antonio Sivera,0,2510
2527,Ellyes Skhiri,1300000000,2511
2528,Oliver Skipp,1500000000,2512
2529,Leo Skiri ÃstigÃ¥rd,0,2513
2530,?ukasz Skorupski,0,2514
2531,Andreas Skov Olsen,1700000000,2515
2532,Robert Skov,900000000,2516
2533,Milan Âkriniar,0,2517
2534,Islam Slimani,150000000,2518
2535,William Smallbone,0,2519
2536,Chris Smalling,800000000,2520
2537,Emile Smith Rowe,3800000000,2521
2538,CÃ©dric Soares,0,2522
2539,Danilo Soares,220000000,2523
2540,RubÃ©n Sobrino,0,2524
2542,Alex Sola,0,2526
2543,Augusto Solari,250000000,2527
2544,Roberto Soldado,0,2528
2545,Carlos Soler,3000000000,2529
2546,Yann Sommer,500000000,2530
2547,Son,0,2531
2548,Brandon Soppy,1000000000,2532
2549,David Soria,1000000000,2533
2550,Roberto Soriano,350000000,2534
2551,Alberto Soro,0,2535
2552,Borna Sosa,1500000000,2536
2553,Hugo Sotelo,0,2537
2554,Florian Sotoca,400000000,2538
2555,Riccardo Sottil,900000000,2539
2556,TomÃ¡Â Sou?ek,0,2540
2557,MatÃ¬as SoulÃ©,0,2541
2558,Sambou Soumano,0,2542
2559,Adama Soumaoro,350000000,2543
2560,Boubakary SoumarÃ©,0,2544
2561,Arnaud Souquet,0,2545
2562,Djibril Sow,2200000000,2546
2563,Saidou Sow,0,2547
2564,ÃaÃ°lar SÃ¶yÃ¼ncÃ¼,0,2548
2565,Leonardo Spinazzola,1500000000,2549
2566,Marco Sportiello,150000000,2550
2567,Tony Springett,0,2551
2568,Jerry St. Juste,1300000000,2552
2569,Anton Stach,1500000000,2553
2570,Kostas Stafylidis,0,2554
2571,Luca Stanga,0,2555
2572,Josip StaniÂi?,0,2556
2573,Niklas Stark,550000000,2557
2574,Jason Steele,100000000,2558
2575,Jed Steer,600000,2559
2576,Renato Steffen,100000000,2560
2577,Zack Steffen,0,2561
2578,Calvin Stengs,1100000000,2562
2579,Pascal Stenzel,150000000,2563
2580,Dale Stephens,0,2564
2581,Jack Stephens,500000000,2565
2582,Raheem Sterling,6000000000,2566
2583,Finley Stevens,0,2567
2584,Angelo Stiller,600000000,2568
2585,Lars Stindl,250000000,2569
2586,Riccardo Stivanello,0,2570
2587,Kevin StÃ¶ger,0,2571
2588,Petar Stojanovi?,0,2572
2589,John Stones,3000000000,2573
2590,Thomas Strakosha,400000000,2574
2591,Stefan Strandberg,500000,2575
2592,DÃ¡vid Strelec,0,2576
2593,Tobias Strobl,700000,2577
2594,Kevin Strootman,0,2578
2595,Pascal Struijk,2000000000,2579
2596,Jens Stryger Larsen,180000000,2580
2597,Leo Âtulac,0,2581
2598,Stefano Sturaro,0,2582
2599,DamiÃ¡n SuÃ¡rez,0,2583
2600,Denis SuÃ¡rez,0,2584
2601,Luis SuÃ¡rez,0,2585
2602,Mario SuÃ¡rez,0,2586
2603,Isaac Success,400000000,2587
2604,Niklas SÃ¼le,0,2588
2605,Kamaldeen Sulemana,2200000000,2589
2606,Crysencio Summerville,1200000000,2590
2607,Vladyslav Supriaha,0,2591
2608,Suso,700000000,2592
2609,Bosko Sutalo,300000000,2593
2610,Mattias Svanberg,1500000000,2594
2611,Michael Svoboda,0,2595
2612,Abdoulaye Sylla,800000,2596
2613,Mamadou Sylla,0,2597
2615,ÃdÃ¡m Szalai,0,2599
2616,Wojciech Szcz?sny,0,2600
2617,Dominik Szoboszlai,4000000000,2601
2618,Jakob SÃ¸rensen,0,2602
2619,Alexander SÃ¸rloth,0,2603
2620,Tachi,0,2604
2621,Jonathan Tah,2000000000,2605
2622,Waniss Taibi,0,2606
2623,Flavien Tait,700000000,2607
2624,Adrien Tameze,0,2608
2625,Japhet Tanganga,900000000,2609
2626,Renato Tapia,750000000,2610
2627,Edmond Tapsoba,3000000000,2611
2628,Florian Tardieu,250000000,2612
2629,Matt Targett,1500000000,2613
2631,Oussama Targhalline,0,2615
2632,James Tarkowski,2200000000,2616
2633,Ciprian T?t?ru?anu,0,2617
2634,Niklas Tauer,150000000,2618
2635,Nuno Tavares,1800000000,2619
2636,Charlie Taylor,0,2620
2637,Loum Tchaouna,0,2621
2638,Warren TchimbembÃ©,0,2622
2639,AurÃ©lien TchouamÃ©ni,0,2623
2640,Mathys Tel,2000000000,2624
2641,Jordan Tell,0,2625
2642,Nathan Tella,0,2626
2643,Alex Telles,1200000000,2627
2644,Cristian Tello,0,2628
2645,Nahuel Tenaglia,0,2629
2646,Marc Tenas,0,2630
2647,Marc-AndrÃ© ter Stegen,0,2631
2648,Filippo Terracciano,100000000,2632
2649,Pietro Terracciano,200000000,2633
2650,Martin Terrier,3500000000,2634
2651,Aleksa Terzi?,0,2635
2652,Robert Tesche,0,2636
2653,Tanner Tessmann,0,2637
2654,TetÃª,0,2638
2655,Cedric Teuchert,0,2639
2656,Arthur Theate,2000000000,2640
2657,Jan Thielmann,750000000,2641
2658,Sada Thioub,150000000,2642
2660,Luke Thomas,1000000000,2644
2661,Romain Thomas,0,2645
2662,Adrien Thomasson,400000000,2646
2663,Erik Thommy,0,2647
2664,Dominic Thompson,0,2648
2665,Morten Thorsby,700000000,2649
2666,Thuler,0,2650
2667,Marcus Thuram,3200000000,2651
2668,KhÃ©phren Thuram-Ulie,0,2652
2669,Alexis Tibidi,250000000,2653
2670,Cheikh Tidiane Sabaly,0,2654
2671,Youri Tielemans,3000000000,2655
2672,Kieran Tierney,2500000000,2656
2673,Steffen Tigges,350000000,2657
2674,Malik Tillman,450000000,2658
2675,Timothy Tillman,0,2659
2676,David Timor,0,2660
2677,Jean-Clair Todibo,3000000000,2661
2678,Umut Tohumcu,100000000,2662
2679,Karl Toko Ekambi,1000000000,2663
2680,Corentin Tolisso,1400000000,2664
2681,Jeremy Toljan,450000000,2665
2682,Rafael TolÃ³i,0,2666
2683,RaÃºl de TomÃ¡s,0,2667
2684,Tiago TomÃ¡s,0,2668
2685,Takehiro Tomiyasu,2500000000,2669
2687,James Tomkins,100000000,2671
2688,Fikayo Tomori,4500000000,2672
2689,Sandro Tonali,5000000000,2673
2690,Lorenzo Tonelli,800000,2674
2691,Ivan Toney,5000000000,2675
2692,Ernesto Torregrossa,0,2676
2693,Lucas Torreira,1500000000,2677
2694,RaÃºl Torrente,0,2678
2695,FerrÃ¡n Torres,0,2679
2697,Ãliver Torres,0,2681
2698,Pau Torres,4500000000,2682
2699,Roberto Torres,0,2683
2700,Lucas TorrÃ³,0,2684
2701,Jordan Torunarigha,500000000,2685
2702,Cenk Tosun,280000000,2686
2703,Abdoulaye TourÃ©,0,2687
2704,Almamy TourÃ©,0,2688
2705,Lucas Tousart,1100000000,2689
2706,Yoann Touzghar,500000,2690
2707,Andros Townsend,250000000,2691
2708,Adama TraorÃ©,0,2692
2710,Amadou Traore,0,2694
2711,Bertrand TraorÃ©,0,2695
2712,Boubacar TraorÃ©,0,2696
2713,Charles Traore,0,2697
2714,Hamari TraorÃ©,0,2698
2715,IsmaÃ«l TraorÃ©,0,2699
2716,Kevin Trapp,850000000,2700
2717,Miguel Trauco,0,2701
2718,Ãscar Trejo,0,2702
2719,TrÃ©zÃ©guet,0,2703
2720,Manu Trigueros,600000000,2704
2721,Simone Trimboli,0,2705
2722,Christopher Trimmel,800000,2706
2723,Francisco TrincÃ£o,0,2707
2724,Kieran Trippier,1300000000,2708
2726,William Troost-Ekong,300000000,2710
2727,Leandro Trossard,3000000000,2711
2728,Adrien Truffert,1800000000,2712
2729,Philipp Tschauner,0,2713
2730,Kostas Tsimikas,0,2714
2731,Axel Tuanzebe,0,2715
2733,Ozan Tufan,0,2717
2734,BeÃ±at Turrientes,0,2718
2735,Tuta,1500000000,2719
2736,Christos Tzolis,0,2720
2737,Iyenoma Udogie,0,2721
2738,Matthieu Udol,0,2722
2739,Ike Ugbo,0,2723
2740,Chimuanya Ugochukwu,0,2724
2741,Hwang Ui-jo,0,2725
2742,Anthony Ujah,0,2726
2743,Maximilian Ullmann,0,2727
2744,Sven Ulreich,900000,2728
2745,Samuel Umtiti,400000000,2729
2746,Enes Ãnal,0,2730
2747,Cengiz Ãnder,0,2731
2748,Dayot Upamecano,6000000000,2732
2749,Benjamin Uphoff,500000,2733
2750,Kacper Urbanski,250000,2734
2751,Jere Uronen,100000000,2735
2752,Mark Uth,300000000,2736
2753,Myrto Uzuni,0,2737
2754,Antonio Vacca,0,2738
2755,Ãlvaro Vadillo,0,2739
2756,Ãscar ValentÃ­n,0,2740
2757,GermÃ¡n Valera,0,2741
2758,Yan Valery,250000000,2742
2759,Martin Valjent,450000000,2743
2760,JesÃºs Vallejo,0,2744
2761,Manu Vallejo,0,2745
2763,Federico Valverde,10000000000,2747
2764,Vanderson,1800000000,2748
2765,Zinho Vanheusden,600000000,2749
2766,Jonathan Varane,0,2750
2767,RaphaÃ«l Varane,0,2751
2768,Jamie Vardy,400000000,2752
2769,Ruben Vargas,0,2753
2770,Sebastian Vasiliadis,0,2754
2771,Johan VÃ¡squez,0,2755
2772,Denis Vavro,300000000,2756
2773,JosÃ© Luis GarcÃ­a VayÃ¡,0,2757
2774,Jesus Vazquez,0,2758
2775,Kevin VÃ¡zquez,0,2759
2776,Lucas VÃ¡zquez,0,2760
2777,MatÃ­as Vecino,0,2761
2778,Gabriel Veiga,0,2762
2779,Miguel Veloso,700000,2763
2780,JoÃ«l Veltman,0,2764
2781,Mickey van de Ven,0,2765
2782,Unai Vencedor Paris,0,2766
2783,Lorenzo Venuti,250000000,2767
2784,Daniele Verde,400000000,2768
2785,Simone Verdi,450000000,2769
2787,Gonzalo VerdÃº,0,2771
2788,Jordan Veretout,1400000000,2772
2789,Edoardo Vergani,0,2773
2790,Vincent Vermeij,0,2774
2791,Marco Verratti,5000000000,2775
2792,Valerio Verre,0,2776
2794,Freddie Veseli,0,2778
2795,Mikel Vesga,500000000,2779
2796,Jannik Vestergaard,500000000,2780
2797,RÃºben Vezo,0,2781
2798,Guglielmo Vicario,1600000000,2782
2799,Aleix Vidal,180000000,2783
2800,Arturo Vidal,0,2784
2801,Nacho Vidal,500000000,2785
2802,Gabriel Vidovic,300000000,2786
2803,Ronaldo Vieira,300000000,2787
2804,Nick Viergever,800000,2788
2805,Luca Vignali,0,2789
2806,Emanuel Vignato,280000000,2790
2807,DÃ­dac VilÃ ,0,2791
2808,Tonny Vilhena,340000000,2792
2809,Daniel Villahermosa,0,2793
2810,Asier Villalibre,0,2794
2811,Gonzalo Villar,450000000,2795
2812,MatÃ­as ViÃ±a,0,2796
2813,Nicolas Viola,0,2797
2814,Mattia Viti,1000000000,2798
2815,Vitolo,0,2799
2816,Daniel Vivian,0,2800
2817,DuÂan Vlahovi?,0,2801
2819,Nikola VlaÂi?,0,2803
2820,Andreas Voglsammer,0,2804
2821,Kevin Vogt,350000000,2805
2822,MÃ«rgim Vojvoda,0,2806
2823,Kevin Volland,1000000000,2807
2824,Cristian Volpato,300000000,2808
2825,Aster Vranckx,850000000,2809
2826,Stefan de Vrij,1000000000,2810
2827,Âime Vrsaljko,0,2811
2828,Nikola Vuk?evi?,0,2812
2829,Mat?j Vydra,0,2813
2830,Walace,700000000,2814
2831,Theo Walcott,180000000,2815
2832,Luca Waldschmidt,300000000,2816
2833,Kyle Walker,1500000000,2817
2834,Kyle Walker-Peters,2500000000,2818
2835,Sebastian Walukiewicz,300000000,2819
2836,Aaron Wan-Bissaka,2200000000,2820
2837,Paul Wanner,300000000,2821
2838,Danny Ward,800000000,2822
2839,Joel Ward,200000000,2823
2840,James Ward-Prowse,3800000000,2824
2841,Magnus Warming,0,2825
2842,Daniel Wass,250000000,2826
2844,Ollie Watkins,3200000000,2828
2845,Timothy Weah,1200000000,2829
2846,Adam Webster,2200000000,2830
2847,Wout Weghorst,1400000000,2831
2849,Noah WeiÃhaupt,0,2833
2850,Danny Welbeck,800000000,2834
2851,Timo Werner,2500000000,2835
2852,Ashley Westwood,0,2836
2853,Ben White,5000000000,2837
2854,Silvan Widmer,500000000,2838
2855,Georginio Wijnaldum,1200000000,2839
2856,Jetro Willems,800000,2840
2857,Brandon Williams,1000000000,2841
2858,IÃ±aki Williams,0,2842
2859,Neco Williams,1800000000,2843
2860,Nico Williams,2500000000,2844
2861,Joe Willock,3000000000,2845
2862,Callum Wilson,1800000000,2846
2863,Patrick Wimmer,1200000000,2847
2864,Jonas Wind,1400000000,2848
2865,Marten Winkler,0,2849
2866,Harry Winks,1200000000,2850
2867,Frederik Winther,100000000,2851
2868,Florian Wirtz,8500000000,2852
2869,Yoane Wissa,1500000000,2853
2870,Axel Witsel,500000000,2854
2871,Hannes Wolf,400000000,2855
2872,Marius Wolf,900000000,2856
2873,Luca WollschlÃ¤ger,0,2857
2874,Jeong Woo-yeong,0,2858
2875,Chris Wood,1000000000,2859
2877,Freddie Woodman,0,2861
2878,Christopher Wooh,600000000,2862
2879,Joscha Wosz,0,2863
2880,Xeka,900000000,2864
2881,Granit Xhaka,2800000000,2865
2882,Sekou YansanÃ©,0,2866
2883,Andriy Yarmolenko,0,2867
2884,Yusuf YazÃ½cÃ½,0,2868
2885,Kelvin Yeboah,350000000,2869
2886,Gerard Yepes,500000,2870
2887,Burak YÃ½lmaz,0,2871
2888,Okay YokuÃ¾lu,0,2872
2890,Leny Yoro,800000000,2874
2891,Maya Yoshida,150000000,2875
2892,Ashley Young,100000000,2876
2893,Nathan Young-Coombes,0,2877
2894,Zaydou Youssouf,300000000,2878
2895,Mattia Zaccagni,2500000000,2879
2897,Dan-Axel Zagadou,350000000,2881
2898,Wilfried Zaha,2700000000,2882
2899,Denis Zakaria,2000000000,2883
2901,Joseba ZaldÃºa,0,2885
2902,Nicola Zalewski,1500000000,2886
2903,Andre-Frank Zambo Anguissa,0,2887
2904,NicolÃ² Zaniolo,0,2888
2905,Alessandro Zanoli,500000000,2889
2906,Mattia Zanotti,350000,2890
2907,DuvÃ¡n Zapata,0,2891
2908,Gabriele Zappa,0,2892
2909,Davide Zappacosta,700000000,2893
2910,Oier Zarraga,300000000,2894
2911,Simone Zaza,0,2895
2912,Akim Zedadka,250000000,2896
2913,Deyovaisio Zeefuik,150000000,2897
2914,Marvin Zeegelaar,400000,2898
2915,Arber Zeneli,0,2899
2916,Robin Zentner,500000000,2900
2917,Andi Zeqiri,270000000,2901
2918,Mehdi Zerkane,0,2902
2919,Edon Zhegrova,700000000,2903
2920,Luca Zidane,0,2904
2921,Piotr Zieli?ski,0,2905
2922,David Zima,550000000,2906
2923,Christoph Zimmermann,0,2907
2924,Oleksandr Zinchenko,4000000000,2908
2925,Hakim Ziyech,1800000000,2909
2926,Jeroen Zoet,500000,2910
2927,Simon Zoller,110000000,2911
2928,Nadir Zortea,200000000,2912
2929,Banhie Zoukrou,0,2913
2930,Kurt Zouma,2800000000,2914
2931,Petar Zovko,100000,2915
2932,Igor Zubeldia,1500000000,2916
2933,MartÃ­n Zubimendi,0,2917
2934,Szymon ?urkowski,0,2918
2935,Martin Ãdegaard,0,2919
2936,Milan ?uri?,0,2920
2937,Filip ?uri?i?,0,2921
